wallet_address,tx_count,in_degree,out_degree,degree_ratio,fanin_count,fanout_count,total_received_amount,total_sent_amount,net_balance,turnover_ratio,avg_hop_interval_mins,median_hop_interval_mins,min_hop_interval_mins,max_hop_interval_mins,min_drain_minutes,wallet_age_hours,forwarded_pct_10m,forwarded_pct_30m,forwarded_pct_60m,forwarded_pct_120m,peel_skim_ratio,peel_signal,transient_velocity,velocity_drain_score,fanout_burst_signal,fanin_burst_signal,is_peel_chain_node,is_mixer_hub,is_mixer_intermediate,is_rapid_cashout_node,unique_counterparties,unique_ips_count,unique_countries_count,unique_asns_count,dominant_country,dominant_asn,timestamp_entropy,betweenness_centrality,pagerank,ground_truth_label,is_planted_anomaly
1121pg4x6qfi3WpKddwPRE7K1e1,1,1,0,0.0,1,0,0.78147955,0.0,0.78147955,0.0,0.0,0.0,0.0,0.0,0.0,0.0,0.0,0.0,0.0,0.0,0.0,0.0,0.0,0.0,0.0,10.0,0.0,0.0,0.0,0.0,1,2,2,2,Germany,AS3216,0.0,0.0,0.002383,peel_chain,1
1172JLAJqwQerjnLvM73dnvsCQ7J6yTT,1,1,0,0.0,1,0,0.81050959,0.0,0.81050959,0.0,0.0,0.0,0.0,0.0,0.0,0.0,0.0,0.0,0.0,0.0,0.0,0.0,0.0,0.0,0.0,10.0,0.0,0.0,0.0,0.0,1,2,2,2,India,AS133982,0.0,0.0,0.000715,normal,0
11CfsCQpvSFSPp5aXqhU2yQRKLbko3bf8F,2,1,1,1.0,1,1,0.19371797,0.19371797,0.0,1.0,71.16,71.16,71.16,71.16,71.16,1.19,0.0,0.0,0.0,1.0,0.0,0.0,0.8065,0.0,0.7752,0.7752,0.0,0.0,1.0,0.0,2,4,3,4,Australia,AS1221,0.2181,0.0,0.000653,mixer,1
11iGdRFW6a3wYkMoaDFw6qNBTpcU,1,0,1,1.0,0,1,0.0,2.66690206,-2.66690206,0.0,0.0,0.0,0.0,0.0,0.0,0.0,0.0,0.0,0.0,0.0,0.0,0.0,0.0,0.0,10.0,0.0,0.0,0.0,0.0,0.0,1,2,2,2,India,AS37075,0.0,0.0,0.000642,normal,0
11pu7mGTTe9n1yG4pLhdZgosvd,11,3,8,2.6666666666666665,3,10,8.94602561,35.19126046,-26.24523485,0.2542,4194.09,3227.85,0.96,10689.4,0.96,699.02,0.4218,0.4218,0.4218,0.4218,0.0,0.0,0.0004,2.152,0.0143,0.0043,0.0,0.0,0.0,0.0,13,22,8,16,China,AS13285,0.6752,0.009873,0.002694,normal,0
125vLdjj7oonJni8aGwj8tspNZSpT,1,1,0,0.0,1,0,0.54607488,0.0,0.54607488,0.0,0.0,0.0,0.0,0.0,0.0,0.0,0.0,0.0,0.0,0.0,0.0,0.0,0.0,0.0,0.0,10.0,0.0,0.0,0.0,0.0,1,2,2,2,Australia,AS13335,0.0,0.0,0.000864,normal,0
12CDHbqcMYTz9fSYuTSjSmrxfEb5zz3e,1,1,0,0.0,1,0,1.93134475,0.0,1.93134475,0.0,0.0,0.0,0.0,0.0,0.0,0.0,0.0,0.0,0.0,0.0,0.0,0.0,0.0,0.0,0.0,10.0,0.0,0.0,0.0,0.0,1,2,2,2,Russia,AS2856,0.0,0.0,0.001323,normal,0
12jLvospGn7srDpTJoE2CLsyHeQyYw7y,7,5,2,0.4,8,2,27.47342736,2.19104359,25.28238377,0.0798,6589.07,8385.08,1132.81,11820.73,8544.26,658.91,0.0,0.0,0.0,0.0,0.0,0.0,0.0001,0.0,0.003,0.0121,0.0,0.0,0.0,0.0,9,14,8,13,Singapore,AS16509,0.55,0.00795,0.003878,normal,0
1385qmVNzZTvUi1RZPJfSQabvt6p,2,1,1,1.0,1,1,0.18856319,0.18856319,0.0,1.0,58.54,58.54,58.54,58.54,58.54,0.98,0.0,0.0,1.0,1.0,0.0,0.0,0.9709,0.0,0.9259,0.9259,0.0,0.0,1.0,0.0,2,4,4,4,China,AS16509,0.2181,0.0,0.000649,mixer,1
13GXLyTA3vzfLywKNeyECN3znUjshjdxjy,1,0,1,1.0,0,1,0.0,0.86039204,-0.86039204,0.0,0.0,0.0,0.0,0.0,0.0,0.0,0.0,0.0,0.0,0.0,0.0,0.0,0.0,0.0,10.0,0.0,0.0,0.0,0.0,0.0,1,2,2,2,India,AS55836,0.0,0.0,0.000642,normal,0
13KPCjNTqEuUxWQsdEXV5bRZhnm3HHez,2,1,1,1.0,1,1,0.07780017,0.07780017,0.0,1.0,87.9,87.9,87.9,87.9,87.9,1.47,0.0,0.0,0.0,1.0,0.0,0.0,0.6579,0.0,0.6369,0.6369,0.0,0.0,1.0,0.0,2,4,3,3,Australia,AS3356,0.2181,3e-06,0.000645,mixer,1
13PQzRnL2eeLvg4DRdMhbW3zxtvK5aH,1,0,1,1.0,0,1,0.0,7.26988056,-7.26988056,0.0,0.0,0.0,0.0,0.0,0.0,0.0,0.0,0.0,0.0,0.0,0.0,0.0,0.0,0.0,10.0,0.0,0.0,0.0,0.0,0.0,1,2,2,2,Russia,AS12389,0.0,0.0,0.000642,normal,0
13Qq91W8MaDGULTZrDHWDV6BHQa,2,1,1,1.0,1,1,3.4560793,3.4560793,0.0,1.0,1.93,1.93,1.93,1.93,1.93,0.03,1.0,1.0,1.0,1.0,0.0209,2.09,12.5,3.413,7.6923,7.6923,1.0,0.0,1.0,1.0,2,4,3,3,Singapore,AS25513,0.0,6e-06,0.001652,rapid_cashout,1
13bMnSz7uC3SXogwjCSxvdf8uWfKhZ,7,4,3,0.75,6,3,12.70327611,10.38715919,2.31611692,0.8177,3592.47,2914.71,52.97,8242.94,52.97,359.25,0.0,0.0,0.1597,0.1597,0.0,0.0,0.0023,0.0,0.0083,0.0167,0.0,0.0,0.0,0.0,9,14,7,11,Germany,AS17547,0.4641,0.002356,0.003402,normal,0
13g4rEvDmMqFKiPD966bXinYcCbdCDQ,10,10,0,0.0,10,0,6.18811754,0.0,6.18811754,0.0,3.15,2.09,0.66,8.82,0.0,0.47,0.0,0.0,0.0,0.0,0.0,0.0,0.0,0.0,0.0,17.5439,0.0,1.0,0.0,0.0,10,20,9,15,United States,AS12389,0.0,0.0,0.006301,mixer,1
13jLkBj7tCj8x451QHSMqWGWWieUYz,2,0,2,2.0,0,2,0.0,13.06696735,-13.06696735,0.0,9924.27,9924.27,9924.27,9924.27,0.0,165.4,0.0,0.0,0.0,0.0,0.0,0.0,0.0,0.0,0.0121,0.0,0.0,0.0,0.0,0.0,2,4,4,4,China,AS13285,0.2181,0.0,0.000642,normal,0
13umBzAvdRzrxe7BZtGhY93TPPcdxWG2,6,2,4,2.0,2,8,14.23089639,8.94241968,5.28847671,0.6284,3740.66,1967.65,346.69,10109.87,346.69,311.72,0.0,0.0,0.0,0.0,0.0,0.0,0.002,0.0,0.0257,0.0064,0.0,0.0,0.0,0.0,10,12,7,10,Australia,AS1221,0.3909,0.002114,0.002638,normal,0
13ytpCS6wcJUmX98RitmrZMNd7S,4,4,0,0.0,4,0,8.21705247,0.0,8.21705247,0.0,17.84,17.96,6.78,28.78,0.0,0.89,0.0,0.0,0.0,0.0,0.0,0.0,0.0,0.0,0.0,4.0404,0.0,1.0,0.0,0.0,4,8,5,6,United States,AS28573,0.2181,0.0,0.003046,mixer,1
142EVm1Gxfn3DnNXxGVkcLgLKEMQcy,2,1,1,1.0,1,1,4.30493504,4.30493504,0.0,1.0,46.97,46.97,46.97,46.97,46.97,0.78,0.0,0.0,1.0,1.0,0.0,0.0,1.2048,0.0,1.1364,1.1364,0.0,0.0,1.0,0.0,2,4,3,3,Brazil,AS1221,0.0,0.0,0.000761,mixer,1
143LTEkNt5KS6Df5bZ9D2HUQcerJJmVu,1,0,1,1.0,0,1,0.0,5.523521,-5.523521,0.0,0.0,0.0,0.0,0.0,0.0,0.0,0.0,0.0,0.0,0.0,0.0,0.0,0.0,0.0,10.0,0.0,0.0,0.0,0.0,0.0,1,2,2,2,Germany,AS24940,0.0,0.0,0.000642,rapid_cashout,1
14EoqwApcHPBkjkmC8zdE88QzDsEDFU,2,1,1,1.0,1,1,0.08541795,0.08541795,0.0,1.0,67.32,67.32,67.32,67.32,67.32,1.12,0.0,0.0,0.0,1.0,0.0,0.0,0.8547,0.0,0.8197,0.8197,0.0,0.0,1.0,0.0,2,4,3,4,Australia,AS16509,0.2181,0.0,0.000645,mixer,1
14oUYWPgByhTg1DaKcGYEUcNVDhN,2,1,1,1.0,1,1,1.63335551,1.63335551,0.0,1.0,4.0,4.0,4.0,4.0,4.0,0.07,1.0,1.0,1.0,1.0,0.0365,3.65,8.3333,2.0,5.8824,5.8824,1.0,0.0,1.0,1.0,2,4,3,4,United Kingdom,AS13285,0.0,1.4e-05,0.002669,peel_chain,1
153538zyX1Pew7jUie2F54yiShgjovB2ZD,1,1,0,0.0,3,0,4.71584669,0.0,4.71584669,0.0,0.0,0.0,0.0,0.0,0.0,0.0,0.0,0.0,0.0,0.0,0.0,0.0,0.0,0.0,0.0,30.0,0.0,0.0,0.0,0.0,3,2,2,2,China,AS36873,0.0,0.0,0.002984,normal,0
15NZ3GvrArt15Q3Y7BaVZmVcaPC59PK,10,4,6,1.5,4,4,5.00569888,33.57254488,-28.566846,0.1491,2887.51,2253.69,0.0,7633.73,1.12,433.13,0.0732,0.0732,0.0732,0.0732,0.0,0.0,0.0003,0.3453,0.0092,0.0092,0.0,0.0,0.0,0.0,8,18,10,13,Germany,AS12389,0.5772,0.001188,0.002467,normal,0
15Rzadmus18GZvk82Shz8svuMQZ,4,4,0,0.0,4,0,7.53973292,0.0,7.53973292,0.0,7.04,7.73,1.98,11.42,0.0,0.35,0.0,0.0,0.0,0.0,0.0,0.0,0.0,0.0,0.0,8.8889,0.0,1.0,0.0,0.0,4,8,8,8,Brazil,AS28573,0.0,0.0,0.00305,mixer,1
15aCFFmdW96E3jWeCrfNa3gxuprUCw5G,8,3,5,1.6666666666666667,5,5,8.23345696,12.43146878,-4.19801182,0.6623,2924.87,777.88,0.4,9820.2,0.4,341.23,0.3425,0.3425,0.3425,0.4768,0.0,0.0,0.0019,2.4464,0.0146,0.0146,0.0,0.0,0.0,0.0,9,16,8,14,China,AS12714,0.5453,0.005253,0.004161,normal,0
15sTRDtB4tRxJCwUYnySuapZtCia9fpj,10,0,10,10.0,0,10,0.0,16.854229,-16.854229,0.0,0.21,0.13,0.03,0.74,0.0,0.03,0.0,0.0,0.0,0.0,0.0,0.0,0.0,0.0,76.9231,0.0,0.0,1.0,0.0,0.0,10,20,9,16,Germany,AS13335,0.0,0.0,0.000642,mixer,1
16coyRrwkHSxSzhY5jGz2K4xM5tNhKVz1n,3,2,1,0.5,4,1,25.31057079,3.9785341,21.33203669,0.1572,7836.51,7836.51,6842.53,8830.48,0.0,261.22,0.0,0.0,0.0,0.0,0.0,0.0,0.0006,0.0,0.0038,0.0153,0.0,0.0,0.0,0.0,5,6,4,5,China,AS29465,0.3457,0.00176,0.004822,normal,0
16e5AtgbnbRu9jPwfrf33MiGnnRM3ueB,2,1,1,1.0,1,1,1.61748918,1.61748918,0.0,1.0,66.37,66.37,66.37,66.37,66.37,1.11,0.0,0.0,0.0,1.0,0.0,0.0,0.8621,0.0,0.8264,0.8264,0.0,0.0,1.0,0.0,2,4,3,4,Australia,AS16509,0.2181,0.0,0.000733,mixer,1
16fxZTzD1odykGzRir8QcWLmQBU57NfdJG,5,3,2,0.6666666666666666,3,2,7.39231949,6.10383324,1.28848625,0.8257,3376.94,3364.96,0.95,6776.89,0.95,225.13,0.355,0.4146,0.4146,0.4146,0.0,0.0,0.0037,2.1262,0.0089,0.0133,0.0,0.0,0.0,0.0,5,10,6,8,United States,AS13335,0.3319,0.000889,0.001444,normal,0
16jXBXFdBkR7eMTftABQLAzSMKzKNmRjcZ,2,1,1,1.0,1,1,4.1402648,4.1402648,0.0,1.0,9.07,9.07,9.07,9.07,9.07,0.15,1.0,1.0,1.0,1.0,0.0302,3.02,5.0,0.993,4.0,4.0,1.0,0.0,1.0,1.0,2,4,4,4,Germany,AS17547,0.0,6e-06,0.001652,peel_chain,1
16oBPEF2m4wvZypz1tWRh7mWJhEQ,10,5,5,1.0,6,6,14.67750086,20.95371724,-6.27621638,0.7005,3870.0,1076.95,0.7,11951.86,0.7,580.5,0.2542,0.2542,0.3789,0.3789,0.0,0.0,0.0012,1.4953,0.0103,0.0103,0.0,0.0,0.0,0.0,12,20,8,17,India,AS12389,0.5937,0.015416,0.002132,normal,0
16tHAApycAsxgGzRDPGhRQAery,3,1,2,2.0,2,4,13.35912649,6.88180274,6.47732375,0.5151,12500.23,12500.23,9379.71,15620.75,0.0,416.67,0.0,0.0,0.0,0.0,0.0,0.0,0.0012,0.0,0.0096,0.0048,0.0,0.0,0.0,0.0,6,6,4,5,Germany,AS12714,0.3457,0.005788,0.001243,normal,0
16v6h35wTJrHvEKXE64enxwBYwtEo,2,1,1,1.0,1,1,0.67303193,0.67303193,0.0,1.0,65.88,65.88,65.88,65.88,65.88,1.1,0.0,0.0,0.0,1.0,0.0,0.0,0.8696,0.0,0.8333,0.8333,0.0,0.0,1.0,0.0,2,4,4,4,Australia,AS13285,0.2181,0.0,0.000666,mixer,1
17L8XVpHM1FH6RDG1TJjPKkDadGqfk,5,2,3,1.5,2,4,2.67975029,6.97796509,-4.2982148,0.384,7321.66,1318.02,9.34,26641.26,9.34,488.11,0.0802,0.0802,0.0802,0.0802,0.0,0.0,0.0008,0.0776,0.0082,0.0041,0.0,0.0,0.0,0.0,6,10,5,8,Singapore,AS13335,0.5064,0.003213,0.001133,normal,0
17UHZR4GxMQvus8AafSzNG4nBQZE98h14n,2,1,1,1.0,1,1,1.08545134,1.08545134,0.0,1.0,85.67,85.67,85.67,85.67,85.67,1.43,0.0,0.0,0.0,1.0,0.0,0.0,0.6757,0.0,0.6536,0.6536,0.0,0.0,1.0,0.0,2,4,4,4,Brazil,AS28573,0.2181,0.0,0.000681,mixer,1
17WSvEQYDE8CYkX8MtRWRZtz4MNGZZ,1,1,0,0.0,1,0,1.95799101,0.0,1.95799101,0.0,0.0,0.0,0.0,0.0,0.0,0.0,0.0,0.0,0.0,0.0,0.0,0.0,0.0,0.0,0.0,10.0,0.0,0.0,0.0,0.0,1,2,2,2,India,AS133982,0.0,0.0,0.001424,normal,0
17k6mJ8zh54RPSwS9hUX4MGtLyjPdLKzb,1,1,0,0.0,1,0,1.27543776,0.0,1.27543776,0.0,0.0,0.0,0.0,0.0,0.0,0.0,0.0,0.0,0.0,0.0,0.0,0.0,0.0,0.0,0.0,10.0,0.0,0.0,0.0,0.0,1,2,2,2,India,AS133982,0.0,0.0,0.000757,normal,0
17wh93NZR3Nwy3MgfMZsykvEAo,8,4,4,1.0,3,5,10.56539876,24.19747863,-13.63207987,0.4366,1860.72,1313.09,0.17,7633.55,0.17,217.08,0.0472,0.0472,0.0472,0.0472,0.0,0.0,0.002,0.4034,0.023,0.0138,0.0,0.0,0.0,0.0,8,16,9,14,Nigeria,AS12389,0.5998,0.008078,0.002556,normal,0
199RsNgkKFx1V8mkrURszUtSZrhu,2,1,1,1.0,1,1,1.72677807,0.39643495,1.33034312,0.2296,15113.79,15113.79,15113.79,15113.79,0.0,251.9,0.0,0.0,0.0,0.0,0.0,0.0,0.0009,0.0,0.004,0.004,0.0,0.0,0.0,0.0,2,4,2,3,United States,AS16509,0.2181,0.003561,0.001108,normal,0
19DFhXZnmnhJ5BG88p6qqKeJvk1gk,3,1,2,2.0,1,3,0.39080555,5.75192421,-5.36111866,0.0679,5158.59,5158.59,227.65,10089.53,227.65,171.95,0.0,0.0,0.0,0.0,0.0,0.0,0.0004,0.0,0.0174,0.0058,0.0,0.0,0.0,0.0,4,6,5,6,Singapore,AS36873,0.2003,0.005088,0.000676,normal,0
19YUBTTDwkJrWfW2b1wpjcHisjcTn9Fyb,1,1,0,0.0,1,0,0.40964098,0.0,0.40964098,0.0,0.0,0.0,0.0,0.0,0.0,0.0,0.0,0.0,0.0,0.0,0.0,0.0,0.0,0.0,0.0,10.0,0.0,0.0,0.0,0.0,1,2,1,1,India,AS9498,0.0,0.0,0.000687,normal,0
19tZ6s3pAkJ2B2CRLVrnZMDysWem,1,0,1,1.0,0,3,0.0,2.92853357,-2.92853357,0.0,0.0,0.0,0.0,0.0,0.0,0.0,0.0,0.0,0.0,0.0,0.0,0.0,0.0,0.0,30.0,0.0,0.0,0.0,0.0,0.0,3,2,2,2,Nigeria,AS16509,0.0,0.0,0.000642,normal,0
1A1PvnHhjnfVCD4j4K3UvX4Wr4,1,1,0,0.0,1,0,0.5146051,0.0,0.5146051,0.0,0.0,0.0,0.0,0.0,0.0,0.0,0.0,0.0,0.0,0.0,0.0,0.0,0.0,0.0,0.0,10.0,0.0,0.0,0.0,0.0,1,2,2,2,Brazil,AS28573,0.0,0.0,0.000745,normal,0
1A7zyz1CXDkBUByru3J4VDUw4RAb,4,3,1,0.3333333333333333,3,1,26.23648344,1.49656668,24.73991676,0.057,6263.56,5114.8,1431.31,12244.57,1431.31,313.18,0.0,0.0,0.0,0.0,0.0,0.0,0.0002,0.0,0.0032,0.0096,0.0,0.0,0.0,0.0,4,8,6,8,Russia,AS12714,0.3272,0.000667,0.00244,normal,0
1Ae7H3i5LLQfyB4YpLzBfjt1dHi4ia,2,1,1,1.0,1,1,4.83442234,4.83442234,0.0,1.0,6.01,6.01,6.01,6.01,6.01,0.1,1.0,1.0,1.0,1.0,0.0202,2.02,6.6667,1.4265,5.0,5.0,1.0,0.0,1.0,1.0,2,4,4,4,Australia,AS1221,0.2181,9e-06,0.002047,rapid_cashout,1
1AqasZTZqfqWah3h8rMxiJ3RqBK,2,1,1,1.0,1,1,4.62228006,5.27180326,-0.6495232,0.8768,1.15,1.15,1.15,1.15,1.15,0.02,1.0,1.0,1.0,1.0,0.0,0.0,12.5257,4.6512,8.3333,8.3333,1.0,0.0,0.0,1.0,2,4,3,3,United States,AS2856,0.0,1.1e-05,0.00343,normal,0
1Av8rN53GMoAJzGg96LQdEDg3AB88EYx1,8,5,3,0.6,7,3,21.31606299,9.84037232,11.47569067,0.4616,5608.79,4376.82,1542.59,13412.09,1542.59,654.36,0.0,0.0,0.0,0.0,0.0,0.0,0.0007,0.0,0.0046,0.0107,0.0,0.0,0.0,0.0,10,16,8,12,China,AS24940,0.5998,0.004273,0.004887,normal,0
1AwYemqqKwf29WaLZeUG5YRb7btrAUP128,1,1,0,0.0,1,0,13.50875395,0.0,13.50875395,0.0,0.0,0.0,0.0,0.0,0.0,0.0,0.0,0.0,0.0,0.0,0.0,0.0,0.0,0.0,0.0,10.0,0.0,0.0,0.0,0.0,1,2,2,2,China,AS3320,0.0,0.0,0.001652,rapid_cashout,1
1Ay8FnLFMRozmXxmpmfJu91nDhY7Ede5cu,9,5,4,0.8,7,7,12.87567193,16.76591793,-3.890246,0.768,4023.17,1232.15,1.29,18790.56,1.29,536.42,0.2369,0.3861,0.6791,0.6791,0.0,0.0,0.0014,1.686,0.013,0.013,0.0,0.0,0.0,0.0,14,18,10,16,India,AS1221,0.5944,0.019974,0.006949,normal,0
1C75CYDVaar7tnCocT1kbVBWWxJ,2,1,1,1.0,1,1,0.80956544,0.80956544,0.0,1.0,81.4,81.4,81.4,81.4,81.4,1.36,0.0,0.0,0.0,1.0,0.0,0.0,0.7092,0.0,0.6849,0.6849,0.0,0.0,1.0,0.0,2,4,4,4,Australia,AS12714,0.2181,0.0,0.000683,mixer,1
1CKBrGCNSmBtKJ84eRPBcmnfT9FQ,2,0,2,2.0,0,2,0.0,8.65080277,-8.65080277,0.0,9450.1,9450.1,9450.1,9450.1,0.0,157.5,0.0,0.0,0.0,0.0,0.0,0.0,0.0,0.0,0.0127,0.0,0.0,0.0,0.0,0.0,2,4,3,4,Australia,AS13335,0.2181,0.0,0.000642,normal,0
1Caq31diyrjbZHVVbcgpViXRK4tRU,1,1,0,0.0,1,0,3.09742651,0.0,3.09742651,0.0,0.0,0.0,0.0,0.0,0.0,0.0,0.0,0.0,0.0,0.0,0.0,0.0,0.0,0.0,0.0,10.0,0.0,0.0,0.0,0.0,1,2,2,2,Brazil,AS18881,0.0,0.0,0.003118,peel_chain,1
1CrafMfmeCr4cZeE9Gc15xAjX1jRqv8,1,0,1,1.0,0,1,0.0,2.27437229,-2.27437229,0.0,0.0,0.0,0.0,0.0,0.0,0.0,0.0,0.0,0.0,0.0,0.0,0.0,0.0,0.0,10.0,0.0,0.0,0.0,0.0,0.0,1,2,2,2,India,AS2856,0.0,0.0,0.000642,normal,0
1Crc8Kz5DRasRDRgCfuyhbnNRmNkazvPE,1,1,0,0.0,1,0,0.52225253,0.0,0.52225253,0.0,0.0,0.0,0.0,0.0,0.0,0.0,0.0,0.0,0.0,0.0,0.0,0.0,0.0,0.0,0.0,10.0,0.0,0.0,0.0,0.0,1,2,2,2,China,AS4657,0.0,0.0,0.000667,normal,0
1D7JfiRkgfnY2ZuxKi9rPa3teeySHUB3,2,1,1,1.0,1,1,2.35516132,2.35516132,0.0,1.0,54.54,54.54,54.54,54.54,54.54,0.91,0.0,0.0,1.0,1.0,0.0,0.0,1.0417,0.0,0.9901,0.9901,0.0,0.0,1.0,0.0,2,4,3,3,Singapore,AS12714,0.2181,0.0,0.000722,mixer,1
1DEkjtE1GxFUvxF4bKJtYh4a73uh2kD3ma,2,1,1,1.0,1,1,2.91797264,0.20454512,2.71342752,0.0701,3375.55,3375.55,3375.55,3375.55,3375.55,56.26,0.0,0.0,0.0,0.0,0.0,0.0,0.0012,0.0,0.0177,0.0177,0.0,0.0,0.0,0.0,2,4,3,4,Nigeria,AS29465,0.2181,0.0,0.001286,normal,0
1DVBZ8cCe9tfcAe2igwJP8GTSeb,5,3,2,0.6666666666666666,5,2,9.67212233,6.72999609,2.94212624,0.6958,1779.77,1062.12,46.36,4948.49,46.36,118.65,0.0,0.0,0.3496,0.3496,0.0,0.0,0.0059,0.0,0.0168,0.0421,0.0,0.0,0.0,0.0,7,10,7,9,Brazil,AS27699,0.5064,0.003051,0.00204,normal,0
1DuGehTax4GihyHgcoRjhUtkrGKD5dx,1,1,0,0.0,1,0,4.0593747,0.0,4.0593747,0.0,0.0,0.0,0.0,0.0,0.0,0.0,0.0,0.0,0.0,0.0,0.0,0.0,0.0,0.0,0.0,10.0,0.0,0.0,0.0,0.0,1,2,1,1,Singapore,AS7473,0.0,0.0,0.003285,normal,0
1DwRjh2Qvj2o1Z4N3cAWJd5penJ4uGgsU,2,1,1,1.0,1,1,8.87370743,8.87370743,0.0,1.0,3.3,3.3,3.3,3.3,3.3,0.05,1.0,1.0,1.0,1.0,0.0,0.0,10.0,2.3256,6.6667,6.6667,1.0,0.0,1.0,1.0,2,4,3,3,Nigeria,AS18881,0.0,6e-06,0.001652,rapid_cashout,1
1EHm9J1FGoC1PPLSRjQd9zVEB2Kz,1,1,0,0.0,1,0,2.05435163,0.0,2.05435163,0.0,0.0,0.0,0.0,0.0,0.0,0.0,0.0,0.0,0.0,0.0,0.0,0.0,0.0,0.0,0.0,10.0,0.0,0.0,0.0,0.0,1,2,2,2,India,AS2856,0.0,0.0,0.000926,normal,0
1ESg7kWR9RaQ8QqvSD2ND6YrUHz,1,1,0,0.0,1,0,10.6306911,0.0,10.6306911,0.0,0.0,0.0,0.0,0.0,0.0,0.0,0.0,0.0,0.0,0.0,0.0,0.0,0.0,0.0,0.0,10.0,0.0,0.0,0.0,0.0,1,2,2,2,Germany,AS36873,0.0,0.0,0.002047,rapid_cashout,1
1ErQS9trk2mCgSsL2WPSC95qgAQDM,2,1,1,1.0,1,1,0.11923013,0.11923013,0.0,1.0,88.79,88.79,88.79,88.79,88.79,1.48,0.0,0.0,0.0,1.0,0.0,0.0,0.6536,0.0,0.6329,0.6329,0.0,0.0,1.0,0.0,2,4,4,4,India,AS17547,0.2181,0.0,0.000646,mixer,1
1EthbTAj4tzxpt1CENWmzaH42oNogCjjc,1,1,0,0.0,1,0,0.40423729,0.0,0.40423729,0.0,0.0,0.0,0.0,0.0,0.0,0.0,0.0,0.0,0.0,0.0,0.0,0.0,0.0,0.0,0.0,10.0,0.0,0.0,0.0,0.0,1,2,2,2,Brazil,AS28573,0.0,0.0,0.000661,normal,0
1EwVsNYFRdKtm5Y17pCHoKT8fVW,5,2,3,1.5,4,4,1.42722561,5.40574378,-3.97851817,0.264,9519.56,6421.17,1.32,25234.59,0.0,634.64,0.0,0.0,0.0,0.0,0.0,0.0,0.0004,0.0,0.0063,0.0063,0.0,0.0,0.0,0.0,7,10,6,7,Australia,AS13335,0.3319,0.021979,0.000919,normal,0
1F5tcV3P66ANqiYP7Vr3WvWCBa5qq,1,1,0,0.0,2,0,5.72991327,0.0,5.72991327,0.0,0.0,0.0,0.0,0.0,0.0,0.0,0.0,0.0,0.0,0.0,0.0,0.0,0.0,0.0,0.0,20.0,0.0,0.0,0.0,0.0,2,2,2,2,Brazil,AS2856,0.0,0.0,0.001646,normal,0
1FoViTLjCsTTGbcaRXbNnyLUTc6,4,2,2,1.0,2,2,16.61906071,3.44949796,13.16956275,0.2076,5248.53,2663.1,2302.66,10779.84,2302.66,262.43,0.0,0.0,0.0,0.0,0.0,0.0,0.0008,0.0,0.0076,0.0076,0.0,0.0,0.0,0.0,4,8,7,8,Brazil,AS18881,0.4362,0.003296,0.002791,normal,0
1FsY6r5x1khDfJYeZnLQGv4jwJ,1,0,1,1.0,0,1,0.0,2.70770216,-2.70770216,0.0,0.0,0.0,0.0,0.0,0.0,0.0,0.0,0.0,0.0,0.0,0.0,0.0,0.0,0.0,10.0,0.0,0.0,0.0,0.0,0.0,1,2,2,2,China,AS37075,0.0,0.0,0.000642,normal,0
1GMTuBeKaNuZA4UsKbdTQKArogcLSYRQMT,1,1,0,0.0,1,0,3.31751301,0.0,3.31751301,0.0,0.0,0.0,0.0,0.0,0.0,0.0,0.0,0.0,0.0,0.0,0.0,0.0,0.0,0.0,0.0,10.0,0.0,0.0,0.0,0.0,1,2,2,2,China,AS12389,0.0,0.0,0.001276,normal,0
1GPGkndgja934muKJWn6cCPNFyCE,8,5,3,0.6,5,4,11.27283724,9.55294963,1.71988761,0.8474,4954.9,4184.47,158.49,12938.27,158.49,578.07,0.0,0.0,0.0,0.0,0.0,0.0,0.0015,0.0,0.0069,0.0086,0.0,0.0,0.0,0.0,9,16,9,14,Germany,AS12389,0.5247,0.005851,0.004351,normal,0
1Gj6JzkdvmkVdX4M3L8SWRmBWs,6,3,3,1.0,4,3,7.40106641,6.06712113,1.33394528,0.8198,3957.73,2457.61,2066.14,8544.42,2129.71,329.81,0.0,0.0,0.0,0.0,0.0,0.0,0.0025,0.0,0.0091,0.0121,0.0,0.0,0.0,0.0,7,12,6,11,Singapore,AS12714,0.5638,0.002911,0.001307,normal,0
1Gp3XhpQNfp9xtZBg9ZNL27m3e,5,3,2,0.6666666666666666,5,3,10.13030892,10.16849268,-0.03818376,0.9962,6634.37,4363.07,2246.07,15565.27,2246.07,442.29,0.0,0.0,0.0,0.0,0.0,0.0,0.0023,0.0,0.0068,0.0113,0.0,0.0,0.0,0.0,8,10,7,9,Germany,AS12389,0.5064,0.013394,0.003176,normal,0
1GsoYEWNyt9Aok2Rv7baAvSoqzxMLD,2,1,1,1.0,1,3,5.21316499,4.71953997,0.49362502,0.9053,1242.48,1242.48,1242.48,1242.48,0.0,20.71,0.0,0.0,0.0,0.0,0.0,0.0,0.0436,0.0,0.1442,0.0481,0.0,0.0,0.0,0.0,4,4,4,4,Australia,AS1221,0.2181,0.002678,0.000853,normal,0
1GvgDKm4poQ4uZiDVte99kYkRaMz9Vkr,7,4,3,0.75,5,4,6.54147983,5.73616436,0.80531547,0.8769,6661.86,4164.15,1432.09,15094.43,1432.09,666.19,0.0,0.0,0.0,0.0,0.0,0.0,0.0013,0.0,0.006,0.0075,0.0,0.0,0.0,0.0,9,14,7,10,Germany,AS13285,0.55,0.017738,0.003839,normal,0
1HL2ojEmddqSdJiSpD9VFtiAA6EJ1PWg,1,1,0,0.0,1,0,3.21444075,0.0,3.21444075,0.0,0.0,0.0,0.0,0.0,0.0,0.0,0.0,0.0,0.0,0.0,0.0,0.0,0.0,0.0,0.0,10.0,0.0,0.0,0.0,0.0,1,2,2,2,Australia,AS1221,0.0,0.0,0.001769,normal,0
1HMRK334kDUu6BxNJ61ZrLjMnXNeDPt,2,2,0,0.0,2,0,9.2562302,0.0,9.2562302,0.0,17.0,17.0,17.0,17.0,0.0,0.28,0.0,0.0,0.0,0.0,0.0,0.0,0.0,0.0,0.0,5.2632,0.0,0.0,0.0,0.0,2,4,3,4,Nigeria,AS29465,0.0,0.0,0.001978,mixer,1
1HaGQ1mqhAEbW8iiDapetaw6AyzmS4Brm,2,1,1,1.0,1,1,2.59131434,2.59131434,0.0,1.0,47.18,47.18,47.18,47.18,47.18,0.79,0.0,0.0,1.0,1.0,0.0,0.0,1.1905,0.0,1.1236,1.1236,0.0,0.0,1.0,0.0,2,4,4,4,Germany,AS12389,0.2181,0.0,0.00073,mixer,1
1HpYh645Sb3zu6Qyaif52rfvt3X,2,1,1,1.0,1,1,4.94912267,4.94912267,0.0,1.0,5.69,5.69,5.69,5.69,5.69,0.09,1.0,1.0,1.0,1.0,0.0232,2.32,7.1429,1.4948,5.2632,5.2632,1.0,0.0,1.0,1.0,2,4,3,4,Australia,AS1221,0.0,1.1e-05,0.001652,rapid_cashout,1
1Hx4mBV1rvXCnWhcgMey6HQfQC1hvYjZaM,2,1,1,1.0,1,1,1.75883645,1.75883645,0.0,1.0,7.73,7.73,7.73,7.73,7.73,0.13,1.0,1.0,1.0,1.0,0.0713,7.13,5.5556,1.1455,4.3478,4.3478,1.0,0.0,1.0,1.0,2,4,3,4,China,AS133982,0.0,2.3e-05,0.002383,peel_chain,1
1JDexC1JDqg4T7wf1bLNJcvdbgyVMFUo,2,1,1,1.0,1,1,0.83768244,0.83768244,0.0,1.0,71.2,71.2,71.2,71.2,71.2,1.19,0.0,0.0,0.0,1.0,0.0,0.0,0.8065,0.0,0.7752,0.7752,0.0,0.0,1.0,0.0,2,4,4,4,China,AS4134,0.2181,0.0,0.000672,mixer,1
1JMttpPQboVJV1UbjBJwGcYStaN,1,0,1,1.0,0,1,0.0,1.43492477,-1.43492477,0.0,0.0,0.0,0.0,0.0,0.0,0.0,0.0,0.0,0.0,0.0,0.0,0.0,0.0,0.0,10.0,0.0,0.0,0.0,0.0,0.0,1,2,2,2,Nigeria,AS29465,0.0,0.0,0.000642,normal,0
1JbRhM3sMzGyw5dNogx9cn34nNPZcg,2,1,1,1.0,1,1,4.01362871,4.01362871,0.0,1.0,9.3,9.3,9.3,9.3,9.3,0.16,1.0,1.0,1.0,1.0,0.0323,3.23,4.7619,0.9709,3.8462,3.8462,1.0,0.0,1.0,1.0,2,4,2,2,Brazil,AS28573,0.2181,1.4e-05,0.002669,peel_chain,1
1JqaueoDg43janEMMsb2UfPqrqrjc,1,1,0,0.0,1,0,2.29069307,0.0,2.29069307,0.0,0.0,0.0,0.0,0.0,0.0,0.0,0.0,0.0,0.0,0.0,0.0,0.0,0.0,0.0,0.0,10.0,0.0,0.0,0.0,0.0,1,2,2,2,China,AS5089,0.0,0.0,0.003311,normal,0
1Jsn2EyuMXiDWSpbtbXkGieKX7,6,5,1,0.2,7,1,9.20318407,3.99529166,5.20789241,0.4341,7615.35,4893.54,3821.2,17342.02,4112.02,634.61,0.0,0.0,0.0,0.0,0.0,0.0,0.0007,0.0,0.0016,0.011,0.0,0.0,0.0,0.0,8,12,6,10,India,AS13285,0.5638,0.00609,0.002429,normal,0
1KJRt8RpPUtAegS2h7ih2pP4Fhs,4,1,3,3.0,3,6,16.43979231,9.31084102,7.12895129,0.5664,13210.87,14787.73,0.44,24844.44,0.44,660.54,0.1462,0.1462,0.1462,0.1462,0.0,0.0,0.0009,1.0153,0.0091,0.0045,0.0,0.0,0.0,0.0,8,8,5,7,China,AS3216,0.3272,0.008104,0.002559,normal,0
1KTmMiyJppXzKiewa37Xxm67jUFEs5,5,2,3,1.5,2,3,15.751045,35.54027955,-19.78923455,0.4432,879.8,877.64,1.99,1761.95,1.99,58.65,0.3925,0.3925,0.3925,0.3925,0.0,0.0,0.0076,1.3127,0.0511,0.034,0.0,0.0,0.0,0.0,4,10,7,7,United States,AS24940,0.4192,0.000883,0.002188,normal,0
1KnqETBkQGKzQJmts5buKPErgV57p,4,2,2,1.0,3,2,9.47268672,5.84767696,3.62500976,0.6173,5269.3,7167.21,1.39,8639.29,1.39,263.46,0.3901,0.3901,0.3901,0.3901,0.0,0.0,0.0023,1.6322,0.0076,0.0114,0.0,0.0,0.0,0.0,5,8,6,6,China,AS1221,0.0,0.001735,0.003867,normal,0
1LCvy7DUHPSR1GEgVfhEU8hVRkrxoBTX,3,2,1,0.5,2,3,5.32393968,2.9673407,2.35659898,0.5574,11066.57,11066.57,3005.11,19128.04,0.0,368.89,0.0,0.0,0.0,0.0,0.0,0.0,0.0015,0.0,0.0081,0.0054,0.0,0.0,0.0,0.0,5,6,5,5,Australia,AS17547,0.3457,0.013992,0.00303,normal,0
1LmxQm2GzVMwSgf5coi59idjK71,1,1,0,0.0,1,0,3.85275601,0.0,3.85275601,0.0,0.0,0.0,0.0,0.0,0.0,0.0,0.0,0.0,0.0,0.0,0.0,0.0,0.0,0.0,0.0,10.0,0.0,0.0,0.0,0.0,1,2,2,2,Germany,AS24940,0.0,0.0,0.002669,peel_chain,1
1LofnkE4hV2gHVzHzrZzFSztAzC,3,2,1,0.5,2,1,2.96448797,15.88602672,-12.92153875,0.1866,13458.35,13458.35,0.72,26915.97,0.72,448.61,0.0809,0.0809,0.0809,0.0809,0.0,0.0,0.0004,0.4703,0.0022,0.0045,0.0,0.0,0.0,0.0,3,6,5,6,United States,AS18881,0.2003,0.0,0.001043,normal,0
1Lxu5fQZewt6nJGUh4bpCVT2zb,2,1,1,1.0,1,1,2.60830171,2.60830171,0.0,1.0,7.58,7.58,7.58,7.58,7.58,0.13,1.0,1.0,1.0,1.0,0.0,0.0,5.5556,1.1655,4.3478,4.3478,1.0,0.0,1.0,1.0,2,4,3,3,Russia,AS133982,0.0,6e-06,0.001188,rapid_cashout,1
1MQMnpVBa53APeUKrvbhkS27Sp1yPs6p,1,1,0,0.0,1,0,0.23439702,0.0,0.23439702,0.0,0.0,0.0,0.0,0.0,0.0,0.0,0.0,0.0,0.0,0.0,0.0,0.0,0.0,0.0,0.0,10.0,0.0,0.0,0.0,0.0,1,2,2,2,United Kingdom,AS2856,0.0,0.0,0.000755,normal,0
1MQey9fStWnwpxjZJ3CpAHmmyARGjEy,2,1,1,1.0,1,3,0.35991775,2.32022044,-1.96030269,0.1551,14228.53,14228.53,14228.53,14228.53,0.0,237.14,0.0,0.0,0.0,0.0,0.0,0.0,0.0007,0.0,0.0126,0.0042,0.0,0.0,0.0,0.0,4,4,3,4,China,AS27699,0.2181,0.002136,0.002009,normal,0
1MTGC5or68rEptnwASc223CdEJbNih,4,1,3,3.0,1,3,2.35213612,12.37137939,-10.01924327,0.1901,5987.79,5960.18,2095.82,9907.37,2095.82,299.39,0.0,0.0,0.0,0.0,0.0,0.0,0.0006,0.0,0.01,0.0033,0.0,0.0,0.0,0.0,4,8,6,8,United Kingdom,AS13285,0.4362,0.000704,0.000853,normal,0
1MZ9SduMyCHDGBrFCBG6q8etLDT,2,1,1,1.0,1,1,0.89046858,0.89046858,0.0,1.0,21.22,21.22,21.22,21.22,21.22,0.35,0.0,1.0,1.0,1.0,0.0486,4.86,2.5,0.45,2.2222,2.2222,1.0,0.0,1.0,0.0,2,4,2,3,China,AS3216,0.0,9e-06,0.001188,peel_chain,1
1Maa42vUu6ofuKQ6u6y7ojjEoiUC,14,6,8,1.3333333333333333,7,13,19.52597715,33.49386179,-13.96788464,0.583,3222.92,4006.73,1.46,7113.83,1.46,698.3,0.1507,0.1507,0.1507,0.1507,0.0,0.0,0.0008,0.6126,0.0186,0.01,0.0,0.0,0.0,0.0,18,28,9,19,India,AS13335,0.7252,0.081839,0.004283,normal,0
1MhWauvnHunBSiVcnCnrRm1b9Yffh,1,0,1,1.0,0,3,0.0,2.8886288,-2.8886288,0.0,0.0,0.0,0.0,0.0,0.0,0.0,0.0,0.0,0.0,0.0,0.0,0.0,0.0,0.0,30.0,0.0,0.0,0.0,0.0,0.0,3,2,2,2,Brazil,AS25513,0.0,0.0,0.000642,normal,0
1NNKpberCCjhpCHJsqJqVbv1To1,2,1,1,1.0,1,1,0.2923903,0.2923903,0.0,1.0,71.45,71.45,71.45,71.45,71.45,1.19,0.0,0.0,0.0,1.0,0.0,0.0,0.8065,0.0,0.7752,0.7752,0.0,0.0,1.0,0.0,2,4,4,4,China,AS24940,0.2181,0.0,0.000652,mixer,1
1NW7x1vyzWnyvdSzf5ozgSBG92,1,1,0,0.0,1,0,2.82475187,0.0,2.82475187,0.0,0.0,0.0,0.0,0.0,0.0,0.0,0.0,0.0,0.0,0.0,0.0,0.0,0.0,0.0,0.0,10.0,0.0,0.0,0.0,0.0,1,2,2,2,India,AS17547,0.0,0.0,0.001638,normal,0
1NbVmukmmF7E2WmoS49Lc7ZmWfGruqsg,1,1,0,0.0,2,0,4.19994705,0.0,4.19994705,0.0,0.0,0.0,0.0,0.0,0.0,0.0,0.0,0.0,0.0,0.0,0.0,0.0,0.0,0.0,0.0,20.0,0.0,0.0,0.0,0.0,2,2,2,2,Australia,AS18881,0.0,0.0,0.002648,normal,0
1NhJApEJNzNYdFFSPwuJoriPjMdMH5dGwv,1,0,1,1.0,0,1,0.0,2.608664,-2.608664,0.0,0.0,0.0,0.0,0.0,0.0,0.0,0.0,0.0,0.0,0.0,0.0,0.0,0.0,0.0,10.0,0.0,0.0,0.0,0.0,0.0,1,2,2,2,China,AS25513,0.0,0.0,0.000642,rapid_cashout,1
1NyWqtBvEBJCcXXUuLMoPUxBXs7B4F,1,1,0,0.0,1,0,0.49213017,0.0,0.49213017,0.0,0.0,0.0,0.0,0.0,0.0,0.0,0.0,0.0,0.0,0.0,0.0,0.0,0.0,0.0,0.0,10.0,0.0,0.0,0.0,0.0,1,2,2,2,Nigeria,AS13285,0.0,0.0,0.000691,normal,0
1PRUmwjFcwHiJ2wqq7mxGSGj2UWBx9,2,1,1,1.0,1,3,2.22640847,2.70791255,-0.48150408,0.8222,19.9,19.9,19.9,19.9,19.9,0.33,0.0,1.0,1.0,1.0,0.0,0.0,2.1637,0.4785,6.9767,2.3256,1.0,0.0,0.0,0.0,4,4,3,3,United Kingdom,AS2856,0.0,0.001743,0.001531,normal,0
1PS9JuMvdUUAaTBXZMRmLL4RMbEGzbbMAY,1,1,0,0.0,3,0,1.79108435,0.0,1.79108435,0.0,0.0,0.0,0.0,0.0,0.0,0.0,0.0,0.0,0.0,0.0,0.0,0.0,0.0,0.0,0.0,30.0,0.0,0.0,0.0,0.0,3,2,2,2,Nigeria,AS29465,0.0,0.0,0.001034,normal,0
1PZCSFuiWVghevjF3pdgheGTgFb,2,1,1,1.0,1,1,1.53413342,1.53413342,0.0,1.0,72.2,72.2,72.2,72.2,72.2,1.2,0.0,0.0,0.0,1.0,0.0,0.0,0.8,0.0,0.7692,0.7692,0.0,0.0,1.0,0.0,2,4,3,4,United States,AS1221,0.2181,0.0,0.000684,mixer,1
1PrrA3brtMatoQ77VzUJTHkRTWn9PaJ,2,1,1,1.0,1,1,10.89606001,10.89606001,0.0,1.0,7.84,7.84,7.84,7.84,7.84,0.13,1.0,1.0,1.0,1.0,0.0389,3.89,5.5556,1.1312,4.3478,4.3478,1.0,0.0,1.0,1.0,2,4,4,4,Germany,AS12714,0.0,1.1e-05,0.001652,rapid_cashout,1
1PukSQyQoMrvkPz8MyNVvocBsMo,7,5,2,0.4,5,4,12.21511113,5.89005965,6.32505148,0.4822,5951.37,1453.83,0.75,17842.33,0.75,595.14,0.0015,0.0015,0.0894,0.0894,0.0,0.0,0.0008,0.0086,0.0067,0.0084,0.0,0.0,0.0,0.0,9,14,9,11,Germany,AS12389,0.4018,0.016963,0.003184,normal,0
1Q2n7Qr5fYNxSK1nTwKH4cfWMebT5C,4,2,2,1.0,2,4,11.0304625,8.31707622,2.71338628,0.754,3917.36,4873.2,1.96,6876.93,1.96,195.87,0.2959,0.2959,0.2959,0.2959,0.0,0.0,0.0038,0.9997,0.0204,0.0102,0.0,0.0,0.0,0.0,6,8,6,7,India,AS13335,0.3272,0.000755,0.001339,normal,0
1Q2oM11Z7CWna6Tvoe1zebzVeaWjg,1,1,0,0.0,1,0,5.58977995,0.0,5.58977995,0.0,0.0,0.0,0.0,0.0,0.0,0.0,0.0,0.0,0.0,0.0,0.0,0.0,0.0,0.0,0.0,10.0,0.0,0.0,0.0,0.0,1,2,1,2,India,AS45820,0.0,0.0,0.001075,normal,0
1QFDjt6vX9QGopw4visoP7T4dA,1,1,0,0.0,1,0,3.26117466,0.0,3.26117466,0.0,0.0,0.0,0.0,0.0,0.0,0.0,0.0,0.0,0.0,0.0,0.0,0.0,0.0,0.0,0.0,10.0,0.0,0.0,0.0,0.0,1,2,2,2,India,AS16509,0.0,0.0,0.003872,normal,0
1QYBWeP8AGR1s6mswZoTqNUbGkZF1x2URx,3,1,2,2.0,1,4,3.01580332,12.71828468,-9.70248136,0.2371,12884.4,12884.4,17.86,25750.95,17.86,429.48,0.0,1.0,1.0,1.0,0.0,0.0,0.0006,0.5302,0.0093,0.0023,0.0,0.0,0.0,0.0,5,6,4,5,China,AS24940,0.3457,0.009756,0.00083,normal,0
1Qc7jaZAiTT2qpRnMvnvjNbSxbuVUhnd,2,2,0,0.0,2,0,2.81813165,0.0,2.81813165,0.0,18531.74,18531.74,18531.74,18531.74,0.0,308.86,0.0,0.0,0.0,0.0,0.0,0.0,0.0,0.0,0.0,0.0065,0.0,0.0,0.0,0.0,2,4,4,4,Brazil,AS133982,0.2181,0.0,0.001163,normal,0
1QfNuTF42Zb1i442LWHVYitaFUQ6fM,9,5,4,0.8,7,5,19.69322126,6.34567327,13.34754799,0.3222,4346.2,2840.28,0.67,12428.41,0.67,579.49,0.0407,0.0407,0.0407,0.0407,0.0,0.0,0.0006,0.2437,0.0086,0.0121,0.0,0.0,0.0,0.0,12,18,10,15,United Kingdom,AS13285,0.546,0.027659,0.005893,normal,0
1Qo88vs4wTfLF2KEN88dJFDSgouiu4R,7,4,3,0.75,4,3,9.56121693,21.56955893,-12.008342,0.4433,5859.05,4634.5,417.51,14527.64,417.51,585.9,0.0,0.0,0.0,0.0,0.0,0.0,0.0008,0.0,0.0051,0.0068,0.0,0.0,0.0,0.0,7,14,9,13,Brazil,AS13335,0.55,0.001387,0.001209,normal,0
1QsdQ6pn7N33qrAvoEYhQMuU7LxUZC,4,1,3,3.0,1,4,2.59687378,7.39378182,-4.79690804,0.3512,12729.37,8816.76,28.27,29343.07,28.27,636.47,0.0,1.0,1.0,1.0,0.0,0.0,0.0006,0.3416,0.0063,0.0016,0.0,0.0,0.0,0.0,5,8,4,6,United States,AS12714,0.4362,0.008625,0.001087,normal,0
1Qwaa35fZKGfKG8eTvw1dZ6YW8M4F,5,1,4,4.0,1,4,15.67365184,10.02917051,5.64448133,0.6399,4528.41,5498.96,23.17,7092.56,6921.8,301.89,0.0,0.0,0.0,0.0,0.0,0.0,0.0021,0.0,0.0132,0.0033,0.0,0.0,0.0,0.0,5,10,6,8,Brazil,AS1221,0.4192,0.000661,0.002347,normal,0
1RzFL2FKDCbPGRBT5tZMaPK3NU1N7XT,2,1,1,1.0,1,1,3.22648349,3.22648349,0.0,1.0,41.03,41.03,41.03,41.03,41.03,0.68,0.0,0.0,1.0,1.0,0.0,0.0,1.3699,0.0,1.2821,1.2821,0.0,0.0,1.0,0.0,2,4,3,3,United Kingdom,AS3320,0.2181,0.0,0.000751,mixer,1
1Sk8WaWcEgvHujkjakUtr87uLP3nrDgkt,1,1,0,0.0,1,0,10.35526728,0.0,10.35526728,0.0,0.0,0.0,0.0,0.0,0.0,0.0,0.0,0.0,0.0,0.0,0.0,0.0,0.0,0.0,0.0,10.0,0.0,0.0,0.0,0.0,1,2,2,2,Brazil,AS27699,0.0,0.0,0.001059,normal,0
1StK9J8LUq2PwFtZHUwF7akonFNxuX1,2,1,1,1.0,1,1,10.47246855,10.47246855,0.0,1.0,4.08,4.08,4.08,4.08,4.08,0.07,1.0,1.0,1.0,1.0,0.038,3.8,8.3333,1.9685,5.8824,5.8824,1.0,0.0,1.0,1.0,2,4,4,4,Brazil,AS28573,0.0,9e-06,0.002047,rapid_cashout,1
1SzL2JPntLawzwZdQqekDC1YfMs8Tuvi,2,1,1,1.0,3,3,2.50494635,1.21042311,1.29452324,0.4832,59.84,59.84,59.84,59.84,59.84,1.0,0.0,0.0,0.4832,0.4832,0.0,0.0,0.4602,0.0,2.7273,2.7273,0.0,0.0,0.0,0.0,6,4,2,2,Nigeria,AS29465,0.2181,0.002,0.001246,normal,0
1T5XbeAQU6SaQSB9heevzbpJVj2HEDxj,2,1,1,1.0,1,3,2.7151853,12.74328433,-10.02809903,0.2131,33.3,33.3,33.3,33.3,33.3,0.56,0.0,0.0,1.0,1.0,0.0,0.0,0.3493,0.0,4.5455,1.5152,0.0,0.0,0.0,0.0,4,4,2,4,India,AS29465,0.0,0.001527,0.001161,normal,0
1TALtcnecAyr6rVzbqHjjFKatb9a1y3Um,2,1,1,1.0,1,1,7.72533004,7.72533004,0.0,1.0,20.81,20.81,20.81,20.81,20.81,0.35,0.0,1.0,1.0,1.0,0.0518,5.18,2.5,0.4585,2.2222,2.2222,1.0,0.0,1.0,0.0,2,4,3,3,Singapore,AS3320,0.2181,6e-06,0.001188,peel_chain,1
1TFozSiFyfVopFHZiazXDwNm3T,1,0,1,1.0,0,1,0.0,3.673489,-3.673489,0.0,0.0,0.0,0.0,0.0,0.0,0.0,0.0,0.0,0.0,0.0,0.0,0.0,0.0,0.0,10.0,0.0,0.0,0.0,0.0,0.0,1,2,2,2,Singapore,AS2856,0.0,0.0,0.000642,rapid_cashout,1
1TS5gR4jZoD7voJcZC6MeEcTvC,3,1,2,2.0,1,4,1.89762826,6.42575418,-4.52812592,0.2953,5209.14,5209.14,1.34,10416.95,1.34,173.64,1.0,1.0,1.0,1.0,0.0,0.0,0.0017,4.2735,0.023,0.0058,0.0,0.0,0.0,1.0,5,6,6,6,Australia,AS18881,0.2003,0.008269,0.002289,normal,0
1TbtuPjYCEgEjr5baNe91L25BR,1,1,0,0.0,1,0,5.71827808,0.0,5.71827808,0.0,0.0,0.0,0.0,0.0,0.0,0.0,0.0,0.0,0.0,0.0,0.0,0.0,0.0,0.0,0.0,10.0,0.0,0.0,0.0,0.0,1,2,2,2,Russia,AS3216,0.0,0.0,0.002159,normal,0
1TkqHnVESiELt59P9DRLU4qPmw2taUwJP,3,1,2,2.0,3,2,0.25374038,7.98585927,-7.73211889,0.0318,14951.26,14951.26,6805.22,23097.3,0.0,498.38,0.0,0.0,0.0,0.0,0.0,0.0,0.0001,0.0,0.004,0.006,0.0,0.0,0.0,0.0,5,6,5,5,Germany,AS133982,0.3457,0.010209,0.000768,normal,0
1UU2EDYCorSUfkqNutwsXAzrGPKLH,2,2,0,0.0,2,0,2.21919044,0.0,2.21919044,0.0,17371.42,17371.42,17371.42,17371.42,0.0,289.52,0.0,0.0,0.0,0.0,0.0,0.0,0.0,0.0,0.0,0.0069,0.0,0.0,0.0,0.0,2,4,3,4,Germany,AS18881,0.2181,0.0,0.000811,normal,0
1UbzcohhWw54idExvHKBXbeFG6,4,2,2,1.0,2,2,2.99051914,2.21562865,0.77489049,0.7409,11107.06,9409.55,3777.22,20134.41,0.0,555.35,0.0,0.0,0.0,0.0,0.0,0.0,0.0013,0.0,0.0036,0.0036,0.0,0.0,0.0,0.0,4,8,7,8,China,AS25513,0.3272,0.005546,0.002269,normal,0
1UevBadV6MLfrLhHwpYTKKyQWzfY,5,2,3,1.5,2,5,1.29413441,6.06544259,-4.77130818,0.2134,7358.33,7292.11,1.14,14847.97,1.14,490.56,0.431,0.431,0.431,0.431,0.0,0.0,0.0004,2.014,0.0102,0.0041,0.0,0.0,0.0,0.0,7,10,6,9,Australia,AS1221,0.5064,0.007418,0.00285,normal,0
1VFjRV4SDpzzFdiBJx5EYcSK1t1vCpms,1,1,0,0.0,2,0,5.33287297,0.0,5.33287297,0.0,0.0,0.0,0.0,0.0,0.0,0.0,0.0,0.0,0.0,0.0,0.0,0.0,0.0,0.0,0.0,20.0,0.0,0.0,0.0,0.0,2,2,2,2,Singapore,AS16509,0.0,0.0,0.001803,normal,0
1Vvp4HNZnMdLqvoxRZyDNyfhrRW,7,4,3,0.75,6,5,22.6557126,15.15599484,7.49971776,0.669,4801.1,3259.45,56.49,11115.27,56.49,480.11,0.0,0.0,0.0738,0.0738,0.0,0.0,0.0014,0.0,0.0104,0.0125,0.0,0.0,0.0,0.0,11,14,7,12,Australia,AS1221,0.55,0.008215,0.002993,normal,0
1WYUVAaWe5bNub6HEbmhBxyu2k9r93cP7,2,1,1,1.0,2,1,7.43435657,1.05131575,6.38304082,0.1414,9235.45,9235.45,9235.45,9235.45,0.0,153.92,0.0,0.0,0.0,0.0,0.0,0.0,0.0009,0.0,0.0065,0.013,0.0,0.0,0.0,0.0,3,4,4,4,Australia,AS12389,0.2181,0.001985,0.001649,normal,0
1WcWPk4EWabgHoxAvJsMXbB7pgPpW4X3,9,5,4,0.8,7,5,27.45175343,24.37367067,3.07808276,0.8879,3653.52,1158.29,0.77,17156.1,0.77,487.14,0.1342,0.1657,0.1657,0.1657,0.0,0.0,0.0018,0.9362,0.0103,0.0144,0.0,0.0,0.0,0.0,12,18,8,14,Brazil,AS12389,0.6429,0.006956,0.004063,normal,0
1Wf7JJxFmvqKeimM9ECY4rmVcW3rDhu1D1,1,1,0,0.0,1,0,0.06815461,0.0,0.06815461,0.0,0.0,0.0,0.0,0.0,0.0,0.0,0.0,0.0,0.0,0.0,0.0,0.0,0.0,0.0,0.0,10.0,0.0,0.0,0.0,0.0,1,2,2,2,Australia,AS1221,0.0,0.0,0.000659,normal,0
1Wk1Fy1qrgiLfQ94Lvysi6vW5VboDPPEew,1,1,0,0.0,2,0,6.34724264,0.0,6.34724264,0.0,0.0,0.0,0.0,0.0,0.0,0.0,0.0,0.0,0.0,0.0,0.0,0.0,0.0,0.0,0.0,20.0,0.0,0.0,0.0,0.0,2,2,2,2,Germany,AS25513,0.0,0.0,0.001194,normal,0
1WmH85GMNNW8TbuU2GuTCqMPgJy,4,1,3,3.0,1,5,3.28348868,12.2252778,-8.94178912,0.2686,4972.17,6424.35,1244.14,7248.01,0.0,248.61,0.0,0.0,0.0,0.0,0.0,0.0,0.0011,0.0,0.0201,0.004,0.0,0.0,0.0,0.0,6,8,4,7,India,AS12389,0.4362,0.000191,0.000824,normal,0
1XBw3H1xbjFB4awZn2G1vC2cU6ZELg,6,3,3,1.0,6,3,14.04524506,16.56547217,-2.52022711,0.8479,8558.27,4566.56,24.58,23309.75,24.58,713.19,0.0,0.1114,0.1114,0.1114,0.0,0.0,0.0012,0.0435,0.0042,0.0084,0.0,0.0,0.0,0.0,9,12,7,10,Nigeria,AS133982,0.5638,0.012314,0.003873,normal,0
1XS1L7rhUE6o6NJPpseg4ZcAMDkvc,2,1,1,1.0,1,1,2.02760882,2.02760882,0.0,1.0,16.99,16.99,16.99,16.99,16.99,0.28,0.0,1.0,1.0,1.0,0.0263,2.63,3.0303,0.5559,2.6316,2.6316,1.0,0.0,1.0,0.0,2,4,3,3,India,AS3356,0.0,1.7e-05,0.002047,peel_chain,1
1Xb2zc33s21bQYbhByt5UxAoHmqE3M,2,1,1,1.0,1,1,3.34789752,1.6729584,1.67493912,0.4997,13136.83,13136.83,13136.83,13136.83,0.0,218.95,0.0,0.0,0.0,0.0,0.0,0.0,0.0023,0.0,0.0046,0.0046,0.0,0.0,0.0,0.0,2,4,4,4,Brazil,AS28573,0.2181,0.000664,0.001505,normal,0
1XdVS3G8HtV2doiK1QEq7we9wHhRU,3,1,2,2.0,1,2,3.99846246,8.05169399,-4.05323153,0.4966,16289.56,16289.56,2388.99,30190.14,2388.99,542.99,0.0,0.0,0.0,0.0,0.0,0.0,0.0009,0.0,0.0037,0.0018,0.0,0.0,0.0,0.0,3,6,5,5,China,AS13285,0.3457,0.004814,0.002589,normal,0
1YAwZ5qDvKSdJeK13WMgG8yLmdAUw,3,2,1,0.5,2,1,7.85841108,0.53876594,7.31964514,0.0686,12015.11,12015.11,1018.49,23011.73,1018.49,400.5,0.0,0.0,0.0,0.0,0.0,0.0,0.0002,0.0,0.0025,0.005,0.0,0.0,0.0,0.0,3,6,5,6,United States,AS12714,0.2003,0.001758,0.002675,normal,0
1YHzsDquR4Bg9DXCGFqToe1TAW2Ffzekq,8,4,4,1.0,5,6,14.57495013,21.80542823,-7.2304781,0.6684,5037.41,1367.2,0.78,19402.35,0.78,587.7,0.3294,0.3294,0.3294,0.3294,0.0,0.0,0.0011,1.8506,0.0102,0.0085,0.0,0.0,0.0,0.0,10,16,8,14,India,AS12714,0.4156,0.015151,0.005216,normal,0
1YUzg35ju6VVPayqGBwBNwBVuJafNKyi,1,1,0,0.0,1,0,0.78603674,0.0,0.78603674,0.0,0.0,0.0,0.0,0.0,0.0,0.0,0.0,0.0,0.0,0.0,0.0,0.0,0.0,0.0,0.0,10.0,0.0,0.0,0.0,0.0,1,2,2,2,Germany,AS24940,0.0,0.0,0.000858,normal,0
1YnX1K2vsqJ4sw5V5mm8UYGsRDYj,10,2,8,4.0,2,10,0.73657858,24.97451087,-24.23793229,0.0295,4352.17,4617.87,0.65,8644.14,0.65,652.83,0.3571,0.3571,0.3571,0.3571,0.0715,7.15,0.0,2.1642,0.0153,0.0031,1.0,0.0,0.0,0.0,12,20,7,15,Australia,AS1221,0.5937,0.033308,0.000701,normal,0
1YszRBNqWndmFeamQZ4PKM2q25mSa,2,1,1,1.0,1,1,2.82043847,2.82043847,0.0,1.0,4.8,4.8,4.8,4.8,4.8,0.08,1.0,1.0,1.0,1.0,0.0,0.0,7.6923,1.7241,5.5556,5.5556,1.0,0.0,1.0,1.0,2,4,4,4,China,AS3320,0.0,3e-06,0.001188,rapid_cashout,1
1ZLN7varfeBetvhHcPFGc2TK41Z69yMmpQ,2,1,1,1.0,1,1,0.55620682,0.55620682,0.0,1.0,70.8,70.8,70.8,70.8,70.8,1.18,0.0,0.0,0.0,1.0,0.0,0.0,0.813,0.0,0.7812,0.7812,0.0,0.0,1.0,0.0,2,4,2,3,China,AS4134,0.2181,0.0,0.000673,mixer,1
1ZhhQmtatk9CukPv96UATewxkYEGw,1,0,1,1.0,0,1,0.0,5.012669,-5.012669,0.0,0.0,0.0,0.0,0.0,0.0,0.0,0.0,0.0,0.0,0.0,0.0,0.0,0.0,0.0,10.0,0.0,0.0,0.0,0.0,0.0,1,2,2,2,Australia,AS4134,0.0,0.0,0.000642,rapid_cashout,1
1a1t8vroBUU6PdYo98Wr4WzZFkqMEG,2,1,1,1.0,1,1,0.21668897,0.21668897,0.0,1.0,64.86,64.86,64.86,64.86,64.86,1.08,0.0,0.0,0.0,1.0,0.0,0.0,0.885,0.0,0.8475,0.8475,0.0,0.0,1.0,0.0,2,4,4,4,Brazil,AS13285,0.2181,0.0,0.00065,mixer,1
1aNuf27KJPqx6D43h4fTZ6xMxoz,1,0,1,1.0,0,1,0.0,12.18370944,-12.18370944,0.0,0.0,0.0,0.0,0.0,0.0,0.0,0.0,0.0,0.0,0.0,0.0,0.0,0.0,0.0,10.0,0.0,0.0,0.0,0.0,0.0,1,2,1,2,Germany,AS3320,0.0,0.0,0.000642,normal,0
1aYw4ikrdG1Fz4n3cWoJqpvPczeeCb,2,1,1,1.0,1,1,1.01777752,1.01777752,0.0,1.0,68.55,68.55,68.55,68.55,68.55,1.14,0.0,0.0,0.0,1.0,0.0,0.0,0.8403,0.0,0.8065,0.8065,0.0,0.0,1.0,0.0,2,4,4,4,Brazil,AS25513,0.2181,3e-06,0.000699,mixer,1
1aaoupAKn1h8r9hHGWvMTo5qf7xeP,5,2,3,1.5,3,6,11.25697224,9.74841248,1.50855976,0.866,6868.65,7543.55,1.4,12386.08,1.4,457.91,0.0054,0.0054,0.0054,0.0054,0.0,0.0,0.0019,0.0225,0.0131,0.0066,0.0,0.0,0.0,0.0,8,10,6,8,India,AS12714,0.4192,0.006535,0.00354,normal,0
1b9hM8YZfsuCn99nicDExYSc7jCobQVAXJ,4,2,2,1.0,2,3,14.62632078,4.10335377,10.52296701,0.2805,7901.99,2733.05,1137.01,19835.91,0.0,395.1,0.0,0.0,0.0,0.0,0.0,0.0,0.0007,0.0,0.0076,0.0051,0.0,0.0,0.0,0.0,5,8,7,7,Singapore,AS1221,0.4362,0.00433,0.001436,normal,0
1cJun1xvePcN666nNpJ4xzoL1F,4,2,2,1.0,2,2,2.57202709,13.2022055,-10.63017841,0.1948,12459.11,14701.15,5.13,22671.04,5.13,622.96,0.4342,0.4342,0.4342,0.4342,0.0,0.0,0.0003,0.7083,0.0032,0.0032,0.0,0.0,0.0,0.0,4,8,6,7,Germany,AS24940,0.3272,0.001706,0.001118,normal,0
1cWZtpuDrcGeQYM8fAqnb7mxqqKnpwo,2,0,2,2.0,0,2,0.0,4.23642063,-4.23642063,0.0,31356.96,31356.96,31356.96,31356.96,0.0,522.62,0.0,0.0,0.0,0.0,0.0,0.0,0.0,0.0,0.0038,0.0,0.0,0.0,0.0,0.0,2,4,3,4,Russia,AS25513,0.2181,0.0,0.000642,normal,0
1ceSW2yvKuenQinEL3pkGBZ5qYALSJ2,1,0,1,1.0,0,1,0.0,2.820743,-2.820743,0.0,0.0,0.0,0.0,0.0,0.0,0.0,0.0,0.0,0.0,0.0,0.0,0.0,0.0,0.0,10.0,0.0,0.0,0.0,0.0,0.0,1,2,2,2,Germany,AS3320,0.0,0.0,0.000642,rapid_cashout,1
1cvrUVkqbZgbn8LhyXc4dwsbEvKECyCLgH,2,1,1,1.0,1,1,3.45090378,3.45090378,0.0,1.0,79.25,79.25,79.25,79.25,79.25,1.32,0.0,0.0,0.0,1.0,0.0,0.0,0.7299,0.0,0.7042,0.7042,0.0,0.0,1.0,0.0,2,4,4,4,Australia,AS13335,0.2181,0.0,0.000764,mixer,1
1dCdHMfyexWhK7MUafRkqHroX29fCkAHFq,1,1,0,0.0,1,0,4.24684992,0.0,4.24684992,0.0,0.0,0.0,0.0,0.0,0.0,0.0,0.0,0.0,0.0,0.0,0.0,0.0,0.0,0.0,0.0,10.0,0.0,0.0,0.0,0.0,1,2,2,2,Australia,AS1221,0.0,0.0,0.003118,peel_chain,1
1dKxayRPvr9fsmksiBwjhcaDgG987SnN,2,1,1,1.0,1,1,12.62644186,12.62644186,0.0,1.0,5.87,5.87,5.87,5.87,5.87,0.1,1.0,1.0,1.0,1.0,0.0,0.0,6.6667,1.4556,5.0,5.0,1.0,0.0,1.0,1.0,2,4,4,4,China,AS3356,0.0,3e-06,0.001188,rapid_cashout,1
1enXQQdYyPLpbnSnYEf5vaVbTZpBx57pmN,2,1,1,1.0,1,1,5.55607081,5.55607081,0.0,1.0,7.46,7.46,7.46,7.46,7.46,0.12,1.0,1.0,1.0,1.0,0.0671,6.71,5.8824,1.182,4.5455,4.5455,1.0,0.0,1.0,1.0,2,4,4,4,Australia,AS13335,0.0,9e-06,0.001188,peel_chain,1
1enc11oRUKYdBUDTcnnwumChtsiQUeLQLt,1,0,1,1.0,0,1,0.0,1.33727204,-1.33727204,0.0,0.0,0.0,0.0,0.0,0.0,0.0,0.0,0.0,0.0,0.0,0.0,0.0,0.0,0.0,10.0,0.0,0.0,0.0,0.0,0.0,1,2,2,2,India,AS133982,0.0,0.0,0.000642,normal,0
1erzuHqQtv3e56oiGkQZKcPhTr,2,1,1,1.0,1,1,0.3322108,0.3322108,0.0,1.0,16.99,16.99,16.99,16.99,16.99,0.28,0.0,1.0,1.0,1.0,0.0509,5.09,3.0303,0.5559,2.6316,2.6316,1.0,0.0,1.0,0.0,2,4,4,4,Australia,AS2856,0.0,3e-06,0.000653,mixer,1
1f4et9btzosZ1HqHku5a1WD8iFzbzKFA,1,1,0,0.0,1,0,11.27279729,0.0,11.27279729,0.0,0.0,0.0,0.0,0.0,0.0,0.0,0.0,0.0,0.0,0.0,0.0,0.0,0.0,0.0,0.0,10.0,0.0,0.0,0.0,0.0,1,2,2,2,Brazil,AS133982,0.0,0.0,0.002047,rapid_cashout,1
1fGTnd6EiDcjcTRbYUZLKp9rVXAPQfa5,10,0,10,10.0,0,10,0.0,10.757693,-10.757693,0.0,0.34,0.35,0.02,0.8,0.0,0.05,0.0,0.0,0.0,0.0,0.0,0.0,0.0,0.0,66.6667,0.0,0.0,1.0,0.0,0.0,10,20,7,15,Brazil,AS12389,0.0,0.0,0.000642,mixer,1
1fRTw1r9UckKu4HN4wBEampA2Gv,2,1,1,1.0,1,1,0.20144731,0.20144731,0.0,1.0,53.95,53.95,53.95,53.95,53.95,0.9,0.0,0.0,1.0,1.0,0.0,0.0,1.0526,0.0,1.0,1.0,0.0,0.0,1.0,0.0,2,4,4,4,China,AS13285,0.2181,0.0,0.000649,mixer,1
1frfcT3i3VTcsnszCMSoSjmqft6LdgmSuM,1,1,0,0.0,1,0,7.33785062,0.0,7.33785062,0.0,0.0,0.0,0.0,0.0,0.0,0.0,0.0,0.0,0.0,0.0,0.0,0.0,0.0,0.0,0.0,10.0,0.0,0.0,0.0,0.0,1,2,2,2,Russia,AS12714,0.0,0.0,0.002047,rapid_cashout,1
1g5CziLSc23BQnrZ8FPDRSXCheN,2,1,1,1.0,1,3,3.64371828,1.99503184,1.64868644,0.5475,22597.11,22597.11,22597.11,22597.11,0.0,376.62,0.0,0.0,0.0,0.0,0.0,0.0,0.0015,0.0,0.008,0.0027,0.0,0.0,0.0,0.0,4,4,4,4,Nigeria,AS29465,0.2181,8e-05,0.001725,normal,0
1g5dTFmDaNj3DNKzHDRtb5HftJ6HKCVm7V,1,1,0,0.0,1,0,3.4500923,0.0,3.4500923,0.0,0.0,0.0,0.0,0.0,0.0,0.0,0.0,0.0,0.0,0.0,0.0,0.0,0.0,0.0,0.0,10.0,0.0,0.0,0.0,0.0,1,2,2,2,India,AS133982,0.0,0.0,0.000924,normal,0
1gDe5BJo9WdChDdE9VRatpgVeJus,1,1,0,0.0,1,0,5.98131235,0.0,5.98131235,0.0,0.0,0.0,0.0,0.0,0.0,0.0,0.0,0.0,0.0,0.0,0.0,0.0,0.0,0.0,0.0,10.0,0.0,0.0,0.0,0.0,1,2,1,2,United States,AS7018,0.0,0.0,0.00139,normal,0
1gXCASiymHMBU1crY8Uq5gAcRtdKAjKLg,1,1,0,0.0,1,0,0.51326927,0.0,0.51326927,0.0,0.0,0.0,0.0,0.0,0.0,0.0,0.0,0.0,0.0,0.0,0.0,0.0,0.0,0.0,0.0,10.0,0.0,0.0,0.0,0.0,1,2,2,2,United Kingdom,AS16509,0.0,0.0,0.000687,normal,0
1gfapw7E2tZvD4puJQ9wJV6t8TfkwRk,7,3,4,1.3333333333333333,3,4,2.37887456,23.45439285,-21.07551829,0.1014,5358.92,4246.9,26.42,14427.62,26.42,535.89,0.0,0.0388,0.2348,0.2348,0.0,0.0,0.0002,0.0142,0.0075,0.0056,0.0,0.0,0.0,0.0,6,14,8,11,Germany,AS24940,0.4018,0.010463,0.001718,normal,0
1gr5pSbWSKrJe2rQ9pv5TVcTHYby,1,1,0,0.0,1,0,1.03437451,0.0,1.03437451,0.0,0.0,0.0,0.0,0.0,0.0,0.0,0.0,0.0,0.0,0.0,0.0,0.0,0.0,0.0,0.0,10.0,0.0,0.0,0.0,0.0,1,2,2,2,China,AS4837,0.0,0.0,0.000732,normal,0
1gucJY1HRaeTSDUuoA5WdLpkgEC2FUr5,8,4,4,1.0,4,4,18.2083518,11.68973057,6.51862123,0.642,4047.96,3710.91,1.19,8822.0,1.19,472.26,0.1026,0.1026,0.1026,0.1026,0.0,0.0,0.0014,0.4685,0.0085,0.0085,0.0,0.0,0.0,0.0,8,16,8,13,India,AS1221,0.4702,0.036578,0.003584,normal,0
1gz6QLrFCTRHFvSrY3zqyvrAVD,7,1,6,6.0,1,14,3.22009173,25.08297964,-21.86288791,0.1284,6438.82,5435.61,558.79,14827.55,558.79,643.88,0.0,0.0,0.0,0.0,0.0,0.0,0.0002,0.0,0.0217,0.0016,0.0,0.0,0.0,0.0,15,14,8,11,China,AS13335,0.55,0.005726,0.001395,normal,0
1hDrBqjtLgnGwrEH9LpsbFxU4PeD3z,2,1,1,1.0,2,2,0.47638164,2.80183228,-2.32545064,0.17,0.0,0.0,0.0,0.0,0.0,0.0,1.0,1.0,1.0,1.0,0.0,0.0,3.4,10.0,20.0,20.0,1.0,0.0,0.0,0.0,4,2,2,2,Brazil,AS28573,0.0,0.00014,0.000658,normal,0
1havNy8PjJ8VZTDPQLpP3PS13jt6dG1,1,1,0,0.0,1,0,12.30808052,0.0,12.30808052,0.0,0.0,0.0,0.0,0.0,0.0,0.0,0.0,0.0,0.0,0.0,0.0,0.0,0.0,0.0,0.0,10.0,0.0,0.0,0.0,0.0,1,2,2,2,Australia,AS12389,0.0,0.0,0.002383,rapid_cashout,1
1iFSvX56cehL9ao92dof4CmHQSN,15,15,0,0.0,15,0,14.43133783,0.0,14.43133783,0.0,4.05,2.27,0.39,20.94,0.0,0.94,0.0,0.0,0.0,0.0,0.0,0.0,0.0,0.0,0.0,14.4231,0.0,1.0,0.0,0.0,15,30,10,21,Germany,AS12389,0.0771,0.0,0.009295,mixer,1
1iMhQknM9VBtpKCKUZg7Ap1JPiDWXa,2,1,1,1.0,1,1,5.71308564,2.51295512,3.20013052,0.4399,1.14,1.14,1.14,1.14,1.14,0.02,0.4399,0.4399,0.4399,0.4399,0.0,0.0,6.2843,2.0556,8.3333,8.3333,0.0,0.0,0.0,0.0,2,4,3,4,India,AS12714,0.0,0.000103,0.001443,normal,0
1iNhh8oZ3WYzedEvjxrJzBLsCNm6,9,4,5,1.25,4,7,6.74151886,28.02463065,-21.28311179,0.2406,4783.04,2304.04,0.32,16715.3,0.32,637.74,0.6471,0.6471,0.6471,0.6471,0.0,0.0,0.0004,4.9023,0.011,0.0063,0.0,0.0,0.0,0.0,11,18,9,12,Nigeria,AS27699,0.5277,0.014644,0.001327,normal,0
1iPQ9gtrtnDohTZv88TXZKkSptRuS,5,1,4,4.0,1,4,5.34606814,14.52219158,-9.17612344,0.3681,7019.99,1322.93,284.13,25149.99,1937.22,468.0,0.0,0.0,0.0,0.0,0.0,0.0,0.0008,0.0,0.0085,0.0021,0.0,0.0,0.0,0.0,5,10,7,10,Australia,AS12389,0.5064,0.001171,0.001358,normal,0
1iT4Zmt5JSMcNQzFkWvfDw12MqMLnEUUo2,1,1,0,0.0,1,0,0.04191482,0.0,0.04191482,0.0,0.0,0.0,0.0,0.0,0.0,0.0,0.0,0.0,0.0,0.0,0.0,0.0,0.0,0.0,0.0,10.0,0.0,0.0,0.0,0.0,1,2,2,2,Nigeria,AS29465,0.0,0.0,0.000648,normal,0
1iqHopjTpT2vZTmk81m7UcXAT5ZKirqC2,2,2,0,0.0,2,0,1.4843999,0.0,1.4843999,0.0,3354.64,3354.64,3354.64,3354.64,0.0,55.91,0.0,0.0,0.0,0.0,0.0,0.0,0.0,0.0,0.0,0.0357,0.0,0.0,0.0,0.0,2,4,4,4,China,AS4134,0.2181,0.0,0.002318,normal,0
1jNP7ba1hEzpgTjxUrmxcB1snQ,1,0,1,1.0,0,2,0.0,3.93770134,-3.93770134,0.0,0.0,0.0,0.0,0.0,0.0,0.0,0.0,0.0,0.0,0.0,0.0,0.0,0.0,0.0,20.0,0.0,0.0,0.0,0.0,0.0,2,2,2,2,Germany,AS3209,0.0,0.0,0.000642,normal,0
1jh6VhnTfS2C9pCyyRXcGxXZdaDTuU,7,5,2,0.4,5,4,27.0125835,7.06451389,19.94806961,0.2615,5940.8,5240.23,467.5,13592.51,1379.03,594.08,0.0,0.0,0.0,0.0,0.0,0.0,0.0004,0.0,0.0067,0.0084,0.0,0.0,0.0,0.0,8,14,8,12,China,AS13335,0.4877,0.011608,0.004301,normal,0
1jy8ExeUvX5LHjqSn7JkCcuvfyRRR4B,1,1,0,0.0,1,0,5.36399035,0.0,5.36399035,0.0,0.0,0.0,0.0,0.0,0.0,0.0,0.0,0.0,0.0,0.0,0.0,0.0,0.0,0.0,0.0,10.0,0.0,0.0,0.0,0.0,1,2,2,2,Brazil,AS18881,0.0,0.0,0.001652,rapid_cashout,1
1k1MkBRyXSQq1LSAhumUXpJpxhzTjQ,1,0,1,1.0,0,3,0.0,3.37490124,-3.37490124,0.0,0.0,0.0,0.0,0.0,0.0,0.0,0.0,0.0,0.0,0.0,0.0,0.0,0.0,0.0,30.0,0.0,0.0,0.0,0.0,0.0,3,2,2,2,Nigeria,AS29465,0.0,0.0,0.000642,normal,0
1k3JNyh8ySPyoiBz38HBEx6zKzf,1,1,0,0.0,3,0,5.56812309,0.0,5.56812309,0.0,0.0,0.0,0.0,0.0,0.0,0.0,0.0,0.0,0.0,0.0,0.0,0.0,0.0,0.0,0.0,30.0,0.0,0.0,0.0,0.0,3,2,2,2,Brazil,AS28573,0.0,0.0,0.001054,normal,0
1kJnLGJrUsaw5tWsPJ4r8CQauTKin,2,1,1,1.0,1,1,5.1312185,5.1312185,0.0,1.0,13.49,13.49,13.49,13.49,13.49,0.22,0.0,1.0,1.0,1.0,0.0635,6.35,3.7037,0.6901,3.125,3.125,1.0,0.0,1.0,1.0,2,4,4,4,China,AS16509,0.0,3.4e-05,0.002383,peel_chain,1
1kZP5wccCjxTbuWo3ZCpsDjxjpx,2,2,0,0.0,2,0,18.9499895,0.0,18.9499895,0.0,35352.0,35352.0,35352.0,35352.0,0.0,589.2,0.0,0.0,0.0,0.0,0.0,0.0,0.0,0.0,0.0,0.0034,0.0,0.0,0.0,0.0,2,4,4,4,Germany,AS17547,0.2181,0.0,0.004988,normal,0
1krn6ciaYKzzmJ255UN4ETkCeB4AfpP,1,0,1,1.0,0,2,0.0,2.6953711,-2.6953711,0.0,0.0,0.0,0.0,0.0,0.0,0.0,0.0,0.0,0.0,0.0,0.0,0.0,0.0,0.0,20.0,0.0,0.0,0.0,0.0,0.0,2,2,2,2,Nigeria,AS12389,0.0,0.0,0.000642,normal,0
1m8P1rS68RL3cvfQs1bCZ4FKLmB,2,1,1,1.0,3,1,9.37144057,4.05953912,5.31190145,0.4332,18469.25,18469.25,18469.25,18469.25,0.0,307.82,0.0,0.0,0.0,0.0,0.0,0.0,0.0014,0.0,0.0032,0.0097,0.0,0.0,0.0,0.0,4,4,2,3,Singapore,AS36873,0.2181,0.000669,0.003109,normal,0
1mQv18L37NvUfnDhBpJ5k2c88kQ1d,3,1,2,2.0,3,3,5.74292247,3.66599466,2.07692781,0.6384,5480.41,5480.41,9.0,10951.83,9.0,182.68,0.568,0.568,0.568,0.568,0.0,0.0,0.0035,0.568,0.0164,0.0164,0.0,0.0,0.0,0.0,6,6,4,5,Germany,AS16509,0.2003,0.004079,0.004269,normal,0
1mg5mKnSFhBRfAsjRGTVKAuZ25QY9c2N,2,1,1,1.0,1,1,1.63006147,1.63006147,0.0,1.0,51.0,51.0,51.0,51.0,51.0,0.85,0.0,0.0,1.0,1.0,0.0,0.0,1.1111,0.0,1.0526,1.0526,0.0,0.0,1.0,0.0,2,4,4,4,China,AS17547,0.2181,0.0,0.000697,mixer,1
1nBGhkvxki68avckzwW5GuSU7CgcC3o9j,1,1,0,0.0,1,0,0.15122763,0.0,0.15122763,0.0,0.0,0.0,0.0,0.0,0.0,0.0,0.0,0.0,0.0,0.0,0.0,0.0,0.0,0.0,0.0,10.0,0.0,0.0,0.0,0.0,1,2,2,2,Australia,AS13335,0.0,0.0,0.000717,normal,0
1nR4PzXyr1igYGe7STxsGWBusJec,6,4,2,0.5,4,2,5.88624715,8.22257238,-2.33632523,0.7159,6661.45,5655.79,1.87,17105.2,1.87,555.12,0.0281,0.0281,0.0281,0.0281,0.0,0.0,0.0013,0.0979,0.0036,0.0072,0.0,0.0,0.0,0.0,6,12,9,11,Brazil,AS12389,0.4911,0.001587,0.001827,normal,0
1nVypTXgPaQzVXqgUyGa7ducmq7oKx,3,2,1,0.5,1,1,14.54530819,5.19434608,9.35096211,0.3571,503.17,503.17,0.0,1006.34,0.0,16.77,0.0631,0.0631,0.0631,0.0631,0.0,0.0,0.0212,0.631,0.0593,0.0593,0.0,0.0,0.0,0.0,2,4,4,4,Australia,AS133982,0.2003,3e-06,0.001107,normal,0
1oARHSsssNoVzKMxuVqgKkcyGSJRApai,1,0,1,1.0,0,1,0.0,12.626454,-12.626454,0.0,0.0,0.0,0.0,0.0,0.0,0.0,0.0,0.0,0.0,0.0,0.0,0.0,0.0,0.0,10.0,0.0,0.0,0.0,0.0,0.0,1,2,2,2,China,AS4837,0.0,0.0,0.000642,rapid_cashout,1
1oaPFyahg9mFVgLym4M9Y7VKZeMt,2,1,1,1.0,1,1,4.28122704,4.28122704,0.0,1.0,2.87,2.87,2.87,2.87,2.87,0.05,1.0,1.0,1.0,1.0,0.0329,3.29,10.0,2.584,6.6667,6.6667,1.0,0.0,1.0,1.0,2,4,3,4,Nigeria,AS29465,0.0,6e-06,0.001188,peel_chain,1
1ocdXH5NKpyrfBkxBXBxZ8PQyxaQBLcb,1,0,1,1.0,0,1,0.0,13.455626,-13.455626,0.0,0.0,0.0,0.0,0.0,0.0,0.0,0.0,0.0,0.0,0.0,0.0,0.0,0.0,0.0,10.0,0.0,0.0,0.0,0.0,0.0,1,2,2,2,Australia,AS13335,0.0,0.0,0.000642,rapid_cashout,1
1pACYFm3avYRJ3xs9uDRii7NBZBbFApb6,1,0,1,1.0,0,3,0.0,1.34484518,-1.34484518,0.0,0.0,0.0,0.0,0.0,0.0,0.0,0.0,0.0,0.0,0.0,0.0,0.0,0.0,0.0,30.0,0.0,0.0,0.0,0.0,0.0,3,2,2,2,Australia,AS13335,0.0,0.0,0.000642,normal,0
1pLRfWcr72aP7mr3H2A4kqn18nnwtm,6,5,1,0.2,6,1,13.62575991,3.998524,9.62723591,0.2935,7497.02,4125.81,1740.04,23150.57,0.0,624.75,0.0,0.0,0.0,0.0,0.0,0.0,0.0005,0.0,0.0016,0.0096,0.0,0.0,0.0,0.0,7,12,7,12,Australia,AS1221,0.5638,0.004592,0.00229,normal,0
1pY1hWPidiZdYTCuFfVJo7MYCnYLQq,1,1,0,0.0,1,0,1.04851013,0.0,1.04851013,0.0,0.0,0.0,0.0,0.0,0.0,0.0,0.0,0.0,0.0,0.0,0.0,0.0,0.0,0.0,0.0,10.0,0.0,0.0,0.0,0.0,1,2,2,2,India,AS17547,0.0,0.0,0.000966,normal,0
1pfAaJCiTCzSpcFLaVT36evMqnPprRBc,2,1,1,1.0,1,1,0.80807484,0.80807484,0.0,1.0,9.99,9.99,9.99,9.99,9.99,0.17,1.0,1.0,1.0,1.0,0.0329,3.29,4.5455,0.9099,3.7037,3.7037,1.0,0.0,1.0,1.0,2,4,4,4,China,AS3216,0.2181,9e-06,0.002047,peel_chain,1
1pq8mFmSj2TmXyUgKKd3wXFeCtsD7d,1,0,1,1.0,0,1,0.0,4.57394,-4.57394,0.0,0.0,0.0,0.0,0.0,0.0,0.0,0.0,0.0,0.0,0.0,0.0,0.0,0.0,0.0,10.0,0.0,0.0,0.0,0.0,0.0,1,2,2,2,Nigeria,AS36873,0.0,0.0,0.000642,peel_chain,1
1psjTxQ3doGvWQBoL3cY2cskDf1mepU,1,0,1,1.0,0,1,0.0,7.787073,-7.787073,0.0,0.0,0.0,0.0,0.0,0.0,0.0,0.0,0.0,0.0,0.0,0.0,0.0,0.0,0.0,10.0,0.0,0.0,0.0,0.0,0.0,1,2,2,2,Germany,AS133982,0.0,0.0,0.000642,rapid_cashout,1
1pyhJVBtdLikh4WW9xCXYVLYr4XP5,1,1,0,0.0,1,0,8.7217552,0.0,8.7217552,0.0,0.0,0.0,0.0,0.0,0.0,0.0,0.0,0.0,0.0,0.0,0.0,0.0,0.0,0.0,0.0,10.0,0.0,0.0,0.0,0.0,1,2,2,2,Australia,AS18881,0.0,0.0,0.002047,rapid_cashout,1
1pz1BwvTzaHZC3RybUP7BMo4rHYGnvgC,2,1,1,1.0,1,1,1.91759529,1.91759529,0.0,1.0,62.51,62.51,62.51,62.51,62.51,1.04,0.0,0.0,0.0,1.0,0.0,0.0,0.9174,0.0,0.8772,0.8772,0.0,0.0,1.0,0.0,2,4,3,4,Singapore,AS17547,0.2181,0.0,0.00071,mixer,1
1q5tY6pwbFDwFfkCfkgWvB7GAReLqU9gt,4,3,1,0.3333333333333333,3,1,14.87945048,5.14216431,9.73728617,0.3456,7480.11,8630.47,0.66,13809.21,0.66,374.01,0.3456,0.3456,0.3456,0.3456,0.0,0.0,0.0009,2.0819,0.0027,0.008,0.0,0.0,0.0,0.0,4,8,7,8,India,AS13335,0.2181,1.1e-05,0.002285,normal,0
1q8Sw5BNDwmg4fDkydcLmFnHf4AgC,1,1,0,0.0,1,0,0.93264104,0.0,0.93264104,0.0,0.0,0.0,0.0,0.0,0.0,0.0,0.0,0.0,0.0,0.0,0.0,0.0,0.0,0.0,0.0,10.0,0.0,0.0,0.0,0.0,1,2,2,2,China,AS4134,0.0,0.0,0.000686,normal,0
1qJjKYDgotMyH2zdqaPbskhK2R,1,1,0,0.0,1,0,6.17265067,0.0,6.17265067,0.0,0.0,0.0,0.0,0.0,0.0,0.0,0.0,0.0,0.0,0.0,0.0,0.0,0.0,0.0,0.0,10.0,0.0,0.0,0.0,0.0,1,2,2,2,India,AS133982,0.0,0.0,0.002047,peel_chain,1
1qLWKi1VAAeyFjYZ7gu8M6ApFRCP2t,2,2,0,0.0,2,0,5.62865531,0.0,5.62865531,0.0,1356.38,1356.38,1356.38,1356.38,0.0,22.61,0.0,0.0,0.0,0.0,0.0,0.0,0.0,0.0,0.0,0.0881,0.0,0.0,0.0,0.0,2,4,4,4,Australia,AS13335,0.2181,0.0,0.005508,normal,0
1qXZxJLwfe4NpQNr9Bi7FUmSUc4iH,2,1,1,1.0,1,1,11.6482241,11.6482241,0.0,1.0,3.82,3.82,3.82,3.82,3.82,0.06,1.0,1.0,1.0,1.0,0.0468,4.68,9.0909,2.0747,6.25,6.25,1.0,0.0,1.0,1.0,2,4,3,4,Russia,AS25513,0.0,6e-06,0.001188,rapid_cashout,1
1qZ8quP8Q1iabFY2fnczLozL6acQ4wRn,4,1,3,3.0,1,3,1.05077313,12.95339014,-11.90261701,0.0811,5327.54,2718.96,2481.92,10781.73,2481.92,266.38,0.0,0.0,0.0,0.0,0.0,0.0,0.0003,0.0,0.0113,0.0038,0.0,0.0,0.0,0.0,4,8,5,7,Australia,AS12389,0.4362,0.002208,0.002043,normal,0
1qdGZxC6Sdb2iv5Pk8TdMEuJYFnnmfGw,2,1,1,1.0,1,1,2.03937206,2.03937206,0.0,1.0,33.06,33.06,33.06,33.06,33.06,0.55,0.0,0.0,1.0,1.0,0.0,0.0,1.6667,0.0,1.5385,1.5385,0.0,0.0,1.0,0.0,2,4,4,4,Brazil,AS27699,0.0,0.0,0.000708,mixer,1
1qen8Hqh9hT15FqYjX7HJ3RoT7u,2,1,1,1.0,1,1,4.34833592,4.34833592,0.0,1.0,8.71,8.71,8.71,8.71,8.71,0.15,1.0,1.0,1.0,1.0,0.077,7.7,5.0,1.0299,4.0,4.0,1.0,0.0,1.0,1.0,2,4,4,4,Brazil,AS2856,0.0,2.3e-05,0.002383,peel_chain,1
1qgWArxzttEe5xoTuT3DiLSfRm,1,1,0,0.0,1,0,1.49626871,0.0,1.49626871,0.0,0.0,0.0,0.0,0.0,0.0,0.0,0.0,0.0,0.0,0.0,0.0,0.0,0.0,0.0,0.0,10.0,0.0,0.0,0.0,0.0,1,2,1,2,Russia,AS25513,0.0,0.0,0.002716,normal,0
1qhcze1pJfw877ZGciCdGVur6RH1mdGjY,2,1,1,1.0,1,1,0.82415163,4.28247605,-3.45832442,0.1924,21310.35,21310.35,21310.35,21310.35,0.0,355.17,0.0,0.0,0.0,0.0,0.0,0.0,0.0005,0.0,0.0028,0.0028,0.0,0.0,0.0,0.0,2,4,4,4,Australia,AS18881,0.2181,0.00043,0.001045,normal,0
1rbs6LsNURXXiLL34WajrcrGWPgLpm,7,3,4,1.3333333333333333,3,8,6.1144446,9.14324733,-3.02880273,0.6687,7033.95,6870.79,1.19,14926.16,1.19,703.4,0.7638,0.7638,0.7638,0.7638,0.0,0.0,0.001,3.4877,0.0114,0.0043,0.0,0.0,0.0,0.0,11,14,7,13,Australia,AS1221,0.4018,0.037521,0.003055,normal,0
1rcojYyNZqcrah3EH5E6HdNNDGwecAj,6,4,2,0.5,6,3,7.35135789,8.96855439,-1.6171965,0.8197,1466.98,2242.12,0.41,2778.43,0.41,122.25,0.2084,0.2084,0.2084,0.2084,0.0,0.0,0.0067,1.478,0.0245,0.049,0.0,0.0,0.0,0.0,9,12,7,11,India,AS1221,0.4184,0.04301,0.002159,normal,0
1rkMpNbgezYyjXZG5HaCm5KkiKxAk8XPh,1,1,0,0.0,1,0,0.10530788,0.0,0.10530788,0.0,0.0,0.0,0.0,0.0,0.0,0.0,0.0,0.0,0.0,0.0,0.0,0.0,0.0,0.0,0.0,10.0,0.0,0.0,0.0,0.0,1,2,2,2,Brazil,AS25513,0.0,0.0,0.000662,normal,0
1rrj9DeiRYhfVAZZbPcnzsbVYcxFG9W,1,1,0,0.0,1,0,9.16493366,0.0,9.16493366,0.0,0.0,0.0,0.0,0.0,0.0,0.0,0.0,0.0,0.0,0.0,0.0,0.0,0.0,0.0,0.0,10.0,0.0,0.0,0.0,0.0,1,2,2,2,Germany,AS3209,0.0,0.0,0.001188,normal,0
1s2McQbqQgFizFh4VkKpnas4fZCBJqoQ,7,2,5,2.5,2,5,7.46183257,15.90399174,-8.44215917,0.4692,3026.54,1808.23,0.24,7424.68,0.24,302.65,0.7542,0.7542,1.0,1.0,0.0,0.0,0.0016,6.0823,0.0165,0.0066,0.0,0.0,0.0,0.0,7,14,8,13,India,AS12714,0.4877,0.000889,0.001575,normal,0
1sS8B8pQSLqfSri7gBPPt6AML8cEmQsa5,1,1,0,0.0,1,0,1.16515975,0.0,1.16515975,0.0,0.0,0.0,0.0,0.0,0.0,0.0,0.0,0.0,0.0,0.0,0.0,0.0,0.0,0.0,0.0,10.0,0.0,0.0,0.0,0.0,1,2,2,2,Russia,AS17547,0.0,0.0,0.000899,normal,0
1sVhowbMbcFMbju76BuwkFZB2r,2,1,1,1.0,1,1,0.45437228,0.45437228,0.0,1.0,47.32,47.32,47.32,47.32,47.32,0.79,0.0,0.0,1.0,1.0,0.0,0.0,1.1905,0.0,1.1236,1.1236,0.0,0.0,1.0,0.0,2,4,3,4,Brazil,AS25513,0.2181,0.0,0.000658,mixer,1
1tqPbAZdugivVgomBugUC5tAGoY8f,1,1,0,0.0,1,0,2.48841767,0.0,2.48841767,0.0,0.0,0.0,0.0,0.0,0.0,0.0,0.0,0.0,0.0,0.0,0.0,0.0,0.0,0.0,0.0,10.0,0.0,0.0,0.0,0.0,1,2,2,2,Australia,AS1221,0.0,0.0,0.001025,normal,0
1txzc1NXcUrAGW3NZuzELxQWb4mZtcnJ,2,1,1,1.0,1,1,1.69048789,3.36987144,-1.67938355,0.5016,6180.76,6180.76,6180.76,6180.76,6180.76,103.01,0.0,0.0,0.0,0.0,0.0,0.0,0.0049,0.0,0.0097,0.0097,0.0,0.0,0.0,0.0,2,4,4,4,China,AS12714,0.2181,0.001843,0.001468,normal,0
1u3wURyiYSRsiyk8qzwctvnA83pmDQ7P,1,1,0,0.0,1,0,1.67272205,0.0,1.67272205,0.0,0.0,0.0,0.0,0.0,0.0,0.0,0.0,0.0,0.0,0.0,0.0,0.0,0.0,0.0,0.0,10.0,0.0,0.0,0.0,0.0,1,2,2,2,India,AS36873,0.0,0.0,0.001922,normal,0
1uBYezCW6EHtBWkGb4yWzjn1jNcujGX4Y,4,2,2,1.0,2,2,1.96270222,4.05112522,-2.088423,0.4845,13185.78,12744.88,3268.24,23544.23,0.0,659.29,0.0,0.0,0.0,0.0,0.0,0.0,0.0007,0.0,0.003,0.003,0.0,0.0,0.0,0.0,4,8,8,8,Australia,AS12714,0.4362,0.010215,0.000816,normal,0
1uPsxgZe4i2aM2SSRSMGuGADaWXC3P,2,1,1,1.0,1,1,1.3377949,1.3377949,0.0,1.0,63.47,63.47,63.47,63.47,63.47,1.06,0.0,0.0,0.0,1.0,0.0,0.0,0.9009,0.0,0.8621,0.8621,0.0,0.0,1.0,0.0,2,4,2,3,China,AS133982,0.2181,0.0,0.00069,mixer,1
1ucfjbp5Ma7f4fiCGwXs3AfR9cwf8LLY,1,1,0,0.0,1,0,0.27987065,0.0,0.27987065,0.0,0.0,0.0,0.0,0.0,0.0,0.0,0.0,0.0,0.0,0.0,0.0,0.0,0.0,0.0,0.0,10.0,0.0,0.0,0.0,0.0,1,2,2,2,Australia,AS1221,0.0,0.0,0.000667,normal,0
1up5AJkaH8ghwWV53SKF6xqaxzfG,1,0,1,1.0,0,1,0.0,2.6177016,-2.6177016,0.0,0.0,0.0,0.0,0.0,0.0,0.0,0.0,0.0,0.0,0.0,0.0,0.0,0.0,0.0,10.0,0.0,0.0,0.0,0.0,0.0,1,2,2,2,China,AS17547,0.0,0.0,0.000642,normal,0
1uzSauKViKZrw4Tjavs4NeK8zLW1sRNc,4,3,1,0.3333333333333333,3,1,13.8867565,1.20435167,12.68240483,0.0867,4024.42,1260.39,474.94,10337.93,0.0,201.22,0.0,0.0,0.0,0.0,0.0,0.0,0.0004,0.0,0.005,0.0149,0.0,0.0,0.0,0.0,4,8,7,8,Germany,AS12389,0.4362,0.000103,0.002291,normal,0
1vKvchLrDtZqwhpR3c7z5JncdJboFr,1,1,0,0.0,1,0,5.56035353,0.0,5.56035353,0.0,0.0,0.0,0.0,0.0,0.0,0.0,0.0,0.0,0.0,0.0,0.0,0.0,0.0,0.0,0.0,10.0,0.0,0.0,0.0,0.0,1,2,2,2,Australia,AS13335,0.0,0.0,0.000968,normal,0
1vWyV43oQe72R33TCYeSjWC1FqMDvLH,6,2,4,2.0,2,4,3.54430109,27.84893539,-24.3046343,0.1273,7323.97,4859.85,0.36,17890.23,0.36,610.33,0.2873,0.2873,0.2873,0.2873,0.0,0.0,0.0002,2.1125,0.0066,0.0033,0.0,0.0,0.0,0.0,6,12,6,11,Australia,AS1221,0.4911,0.002658,0.001591,normal,0
1vXrBtboNbJD2jXpHfiPmXVKkSX8eobg,1,0,1,1.0,0,1,0.0,10.10881441,-10.10881441,0.0,0.0,0.0,0.0,0.0,0.0,0.0,0.0,0.0,0.0,0.0,0.0,0.0,0.0,0.0,10.0,0.0,0.0,0.0,0.0,0.0,1,2,2,2,Germany,AS3320,0.0,0.0,0.000642,normal,0
1vctdddPWKJnV1XxruJo2rsCAHYSBVv,2,0,2,2.0,0,4,0.0,10.93933807,-10.93933807,0.0,7425.06,7425.06,7425.06,7425.06,0.0,123.75,0.0,0.0,0.0,0.0,0.0,0.0,0.0,0.0,0.0323,0.0,0.0,0.0,0.0,0.0,4,4,3,4,Germany,AS17547,0.2181,0.0,0.000642,normal,0
1vs8KX9738sqkvHscmGKtKzm9rfo49E3G,2,1,1,1.0,1,1,3.43661808,3.43661808,0.0,1.0,22.69,22.69,22.69,22.69,22.69,0.38,0.0,1.0,1.0,1.0,0.0514,5.14,2.3256,0.4221,2.0833,2.0833,1.0,0.0,1.0,0.0,2,4,4,4,India,AS2856,0.0,2.8e-05,0.002669,peel_chain,1
1vsU66CNWB9WCuymY5DdXYdhVbLdco,2,1,1,1.0,1,1,11.56668497,11.56668497,0.0,1.0,5.43,5.43,5.43,5.43,5.43,0.09,1.0,1.0,1.0,1.0,0.0,0.0,7.1429,1.5552,5.2632,5.2632,1.0,0.0,1.0,1.0,2,4,4,4,China,AS25513,0.0,6e-06,0.001188,rapid_cashout,1
1wRLUkejxHrJoJFiKxfUcr64VCA,2,1,1,1.0,1,1,13.08251019,13.08251019,0.0,1.0,2.8,2.8,2.8,2.8,2.8,0.05,1.0,1.0,1.0,1.0,0.0346,3.46,10.0,2.6316,6.6667,6.6667,1.0,0.0,1.0,1.0,2,4,4,4,Brazil,AS12714,0.0,1.1e-05,0.001652,rapid_cashout,1
1weHRtF7gwYr3VRqkTN7oXzGhKr,2,1,1,1.0,1,1,2.36279557,0.90081326,1.46198231,0.3812,25061.6,25061.6,25061.6,25061.6,0.0,417.69,0.0,0.0,0.0,0.0,0.0,0.0,0.0009,0.0,0.0024,0.0024,0.0,0.0,0.0,0.0,2,4,4,4,China,AS12389,0.2181,0.000818,0.001561,normal,0
1wh5A64sY2Qm5GAetJFHd8q2frKUyY,1,1,0,0.0,1,0,1.57376345,0.0,1.57376345,0.0,0.0,0.0,0.0,0.0,0.0,0.0,0.0,0.0,0.0,0.0,0.0,0.0,0.0,0.0,0.0,10.0,0.0,0.0,0.0,0.0,1,2,1,2,United Kingdom,AS13285,0.0,0.0,0.002912,peel_chain,1
1wuVVAnCNS5GhQhkxdR2APwfxp,1,1,0,0.0,1,0,0.67781618,0.0,0.67781618,0.0,0.0,0.0,0.0,0.0,0.0,0.0,0.0,0.0,0.0,0.0,0.0,0.0,0.0,0.0,0.0,10.0,0.0,0.0,0.0,0.0,1,2,2,2,Germany,AS17547,0.0,0.0,0.000676,normal,0
1x6obACiSSbGK7PCMupTtxFQcsxXQ7,2,1,1,1.0,1,1,2.95916843,2.95916843,0.0,1.0,26.41,26.41,26.41,26.41,26.41,0.44,0.0,1.0,1.0,1.0,0.0552,5.52,2.0408,0.3648,1.8519,1.8519,1.0,0.0,1.0,0.0,2,4,2,3,Germany,AS24940,0.0,0.0,0.000738,mixer,1
1xLsH3YWtCV4oCJ6nXJ8m1iR4nVrJ96,1,1,0,0.0,1,0,12.21525788,0.0,12.21525788,0.0,0.0,0.0,0.0,0.0,0.0,0.0,0.0,0.0,0.0,0.0,0.0,0.0,0.0,0.0,0.0,10.0,0.0,0.0,0.0,0.0,1,2,2,2,Australia,AS29465,0.0,0.0,0.001369,normal,0
1xUbR5s3FtX4qK9UACtpcT2KwG,6,3,3,1.0,3,5,11.05168918,12.77755184,-1.72586266,0.8649,4380.66,1007.42,0.97,13202.74,0.97,365.05,0.2231,0.2231,0.4249,0.4249,0.0,0.0,0.0024,1.1325,0.0137,0.0082,0.0,0.0,0.0,0.0,8,12,7,10,Nigeria,AS12389,0.4184,0.00601,0.002872,normal,0
1yRWQmKUXVMHi5VPTjgqEQzRrtowN1g,2,1,1,1.0,1,1,4.15635847,4.15635847,0.0,1.0,14.29,14.29,14.29,14.29,14.29,0.24,0.0,1.0,1.0,1.0,0.0478,4.78,3.4483,0.654,2.9412,2.9412,1.0,0.0,1.0,1.0,2,4,4,4,Australia,AS37075,0.0,1.7e-05,0.001188,peel_chain,1
1yWj1hVNVokFedMbeeRBdgPJ9KYY,5,3,2,0.6666666666666666,3,4,9.15764281,9.38207518,-0.22443237,0.9761,5517.0,3288.35,8.57,15482.72,8.57,367.8,0.2878,0.4875,0.4875,0.4875,0.0,0.0,0.0027,0.5094,0.0109,0.0082,0.0,0.0,0.0,0.0,7,10,5,10,India,AS13335,0.3319,0.002011,0.001258,normal,0
1yvtJ9kTtMWvaSWS1BpG3UU6qqP,2,1,1,1.0,1,1,0.4457346,0.4457346,0.0,1.0,73.93,73.93,73.93,73.93,73.93,1.23,0.0,0.0,0.0,1.0,0.0,0.0,0.7812,0.0,0.7519,0.7519,0.0,0.0,1.0,0.0,2,4,2,4,Australia,AS13285,0.2181,0.0,0.000667,mixer,1
1yyufehee9VLbiQCcDA7Mf3cy7dbBjGv,2,1,1,1.0,3,3,8.44314662,1.74166676,6.70147986,0.2063,27.78,27.78,27.78,27.78,27.78,0.46,0.0,0.2063,0.2063,0.2063,0.0,0.0,0.4045,0.0717,5.3571,5.3571,0.0,0.0,0.0,0.0,6,4,4,4,Brazil,AS28573,0.0,0.004056,0.002852,normal,0
1zFKWvmNYpfZR77HN5rRULQft6tTNjJ,1,1,0,0.0,3,0,5.15012186,0.0,5.15012186,0.0,0.0,0.0,0.0,0.0,0.0,0.0,0.0,0.0,0.0,0.0,0.0,0.0,0.0,0.0,0.0,30.0,0.0,0.0,0.0,0.0,3,2,2,2,Nigeria,AS29465,0.0,0.0,0.001769,normal,0
1zJxhTJzr7PMJh2qP1snyukqumEoDCF,5,1,4,4.0,2,6,2.07446013,17.80537774,-15.73091761,0.1165,4436.31,2679.9,1.32,12384.11,1.32,295.75,0.2612,0.2612,0.2612,0.2612,0.0,0.0,0.0004,1.1259,0.0203,0.0068,0.0,0.0,0.0,0.0,7,10,4,7,Australia,AS1221,0.4192,0.042671,0.000987,normal,0
1zLnj92bDhW8YEH2TJYYD3LzMnn8,1,1,0,0.0,1,0,0.0101594,0.0,0.0101594,0.0,0.0,0.0,0.0,0.0,0.0,0.0,0.0,0.0,0.0,0.0,0.0,0.0,0.0,0.0,0.0,10.0,0.0,0.0,0.0,0.0,1,2,2,2,India,AS45820,0.0,0.0,0.000645,normal,0
1zTwFbUDeWFSP2VaVpvynkgHzfS9Qwtjy,2,0,2,2.0,0,4,0.0,2.96332485,-2.96332485,0.0,17716.91,17716.91,17716.91,17716.91,0.0,295.28,0.0,0.0,0.0,0.0,0.0,0.0,0.0,0.0,0.0135,0.0,0.0,0.0,0.0,0.0,4,4,3,4,United Kingdom,AS13285,0.2181,0.0,0.000642,normal,0
1zVcYAkvC22W9s7DKDjwGUxMYJkVWQC,2,1,1,1.0,1,1,5.80367065,5.80367065,0.0,1.0,35.11,35.11,35.11,35.11,35.11,0.59,0.0,0.0,1.0,1.0,0.0,0.0,1.5625,0.0,1.4493,1.4493,0.0,0.0,1.0,0.0,2,4,4,4,Brazil,AS16509,0.0,0.0,0.00083,mixer,1
1zdvd1RkPjNsdFSJ6pooXVxdP1,5,3,2,0.6666666666666666,4,2,7.00245892,2.45618791,4.54627101,0.3508,3747.88,1636.17,7.77,11711.42,7.77,249.86,0.0508,0.0508,0.0508,0.0508,0.0,0.0,0.0014,0.0579,0.008,0.016,0.0,0.0,0.0,0.0,6,10,6,9,India,AS12389,0.4192,0.032624,0.003214,normal,0
31Bb8oQYvzgV3PNqkpJAupV86wKGxLLk,6,1,5,5.0,1,7,2.83035184,24.53956988,-21.70921804,0.1153,6070.6,2798.65,1861.2,12552.46,0.0,505.88,0.0,0.0,0.0,0.0,0.0,0.0,0.0002,0.0,0.0138,0.002,0.0,0.0,0.0,0.0,8,12,7,9,United Kingdom,AS12389,0.5638,0.00282,0.002586,normal,0
31LgcHSv8ZNRZq7BGNsuvNpys5uH7Mui,1,1,0,0.0,1,0,12.5031488,0.0,12.5031488,0.0,0.0,0.0,0.0,0.0,0.0,0.0,0.0,0.0,0.0,0.0,0.0,0.0,0.0,0.0,0.0,10.0,0.0,0.0,0.0,0.0,1,2,2,2,India,AS3356,0.0,0.0,0.001652,rapid_cashout,1
31TqHy1wUbqPMdaW3jZJP89ZHS,2,1,1,1.0,1,1,5.21214628,5.21214628,0.0,1.0,5.6,5.6,5.6,5.6,5.6,0.09,1.0,1.0,1.0,1.0,0.0575,5.75,7.1429,1.5152,5.2632,5.2632,1.0,0.0,1.0,1.0,2,4,4,4,Brazil,AS28573,0.0,9e-06,0.002047,peel_chain,1
31g3EAvWSnhwEkTSkhdJ6YrN28mcG,2,1,1,1.0,2,1,3.18078783,2.02707609,1.15371174,0.6373,119.23,119.23,119.23,119.23,119.23,1.99,0.0,0.0,0.0,0.6373,0.0,0.0,0.3124,0.0,0.4785,0.9569,0.0,0.0,0.0,0.0,3,4,4,4,Australia,AS1221,0.2181,0.000211,0.001073,normal,0
31yxnGQhE3SzP9zXb42q65z7tzFf,2,1,1,1.0,1,1,1.09329254,1.09329254,0.0,1.0,66.88,66.88,66.88,66.88,66.88,1.11,0.0,0.0,0.0,1.0,0.0,0.0,0.8621,0.0,0.8264,0.8264,0.0,0.0,1.0,0.0,2,4,4,4,Brazil,AS17547,0.2181,0.0,0.000703,mixer,1
32KCqLYXLeBZxGyXVyVhisvMdw,1,1,0,0.0,3,0,0.77860695,0.0,0.77860695,0.0,0.0,0.0,0.0,0.0,0.0,0.0,0.0,0.0,0.0,0.0,0.0,0.0,0.0,0.0,0.0,30.0,0.0,0.0,0.0,0.0,3,2,2,2,Germany,AS3320,0.0,0.0,0.000884,normal,0
32WBHvxqN5xMTsWqsNLZbinARFK,2,1,1,1.0,1,1,1.42270775,2.39721554,-0.97450779,0.5935,38956.57,38956.57,38956.57,38956.57,0.0,649.28,0.0,0.0,0.0,0.0,0.0,0.0,0.0009,0.0,0.0015,0.0015,0.0,0.0,0.0,0.0,2,4,3,4,United Kingdom,AS13285,0.2181,0.002635,0.000857,normal,0
32n81GRUrS4wFrZo4B37Hib7PM2yxWb,1,1,0,0.0,1,0,1.16670386,0.0,1.16670386,0.0,0.0,0.0,0.0,0.0,0.0,0.0,0.0,0.0,0.0,0.0,0.0,0.0,0.0,0.0,0.0,10.0,0.0,0.0,0.0,0.0,1,2,2,2,Australia,AS1221,0.0,0.0,0.000935,normal,0
331Ws5huqLGpguwk67YxhHr5a5uGhLNUSP,3,0,3,3.0,0,5,0.0,12.97068928,-12.97068928,0.0,19601.69,19601.69,7125.28,32078.1,0.0,653.39,0.0,0.0,0.0,0.0,0.0,0.0,0.0,0.0,0.0077,0.0,0.0,0.0,0.0,0.0,5,6,6,6,Brazil,AS17547,0.3457,0.0,0.000642,normal,0
33G4NwmWA3FufbdpcmmH9VbjDJe7KWvCA,2,1,1,1.0,1,1,2.84939813,0.2921201,2.55727803,0.1025,35.23,35.23,35.23,35.23,35.23,0.59,0.0,0.0,0.1025,0.1025,0.0,0.0,0.1602,0.0,1.4493,1.4493,0.0,0.0,0.0,0.0,2,4,4,4,Australia,AS1221,0.2181,0.000761,0.000872,normal,0
33GLaguKmfefnNoWZ1tLr8PkeGFbD,3,1,2,2.0,1,2,3.09859986,4.34683689,-1.24823703,0.7128,15375.57,15375.57,7643.59,23107.55,0.0,512.52,0.0,0.0,0.0,0.0,0.0,0.0,0.0014,0.0,0.0039,0.002,0.0,0.0,0.0,0.0,3,6,4,6,Germany,AS12389,0.3457,0.001074,0.000882,normal,0
33MMiDsCXTyyQPaHJTu2TKLgPn,1,1,0,0.0,1,0,0.8799083,0.0,0.8799083,0.0,0.0,0.0,0.0,0.0,0.0,0.0,0.0,0.0,0.0,0.0,0.0,0.0,0.0,0.0,0.0,10.0,0.0,0.0,0.0,0.0,1,2,2,2,China,AS36873,0.0,0.0,0.001072,normal,0
33TGco7k1ZQpsiYYsxb77WJVGZJ,1,1,0,0.0,1,0,4.14894655,0.0,4.14894655,0.0,0.0,0.0,0.0,0.0,0.0,0.0,0.0,0.0,0.0,0.0,0.0,0.0,0.0,0.0,0.0,10.0,0.0,0.0,0.0,0.0,1,2,2,2,Germany,AS16509,0.0,0.0,0.001604,normal,0
34aDUs6wD9bWbpbq3N1fnydwVRSz,4,1,3,3.0,2,5,4.23933998,6.59166348,-2.3523235,0.6431,3745.1,1449.98,822.86,8962.47,1449.98,187.26,0.0,0.0,0.0,0.0,0.0,0.0,0.0034,0.0,0.0267,0.0107,0.0,0.0,0.0,0.0,7,8,4,7,Germany,AS24940,0.4362,0.010819,0.000946,normal,0
35L6oBs11XWkeveJnJTSAWKxnxg5,2,2,0,0.0,2,0,8.77152491,0.0,8.77152491,0.0,34443.71,34443.71,34443.71,34443.71,0.0,574.06,0.0,0.0,0.0,0.0,0.0,0.0,0.0,0.0,0.0,0.0035,0.0,0.0,0.0,0.0,2,4,3,3,United Kingdom,AS16509,0.2181,0.0,0.001677,normal,0
35vmZ6oh6KemUw9tFNBvLrKV47UrHMaWQi,1,0,1,1.0,0,1,0.0,5.84674,-5.84674,0.0,0.0,0.0,0.0,0.0,0.0,0.0,0.0,0.0,0.0,0.0,0.0,0.0,0.0,0.0,10.0,0.0,0.0,0.0,0.0,0.0,1,2,2,2,China,AS4837,0.0,0.0,0.000642,peel_chain,1
36K6vMm7P95FGY7YsvLa4CbtNN,1,1,0,0.0,1,0,1.28282859,0.0,1.28282859,0.0,0.0,0.0,0.0,0.0,0.0,0.0,0.0,0.0,0.0,0.0,0.0,0.0,0.0,0.0,0.0,10.0,0.0,0.0,0.0,0.0,1,2,2,2,Australia,AS13335,0.0,0.0,0.001338,normal,0
36UyfH4ioFEUgfoUWJzN3ZSeYZ5aspGVyL,1,0,1,1.0,0,1,0.0,1.30031726,-1.30031726,0.0,0.0,0.0,0.0,0.0,0.0,0.0,0.0,0.0,0.0,0.0,0.0,0.0,0.0,0.0,10.0,0.0,0.0,0.0,0.0,0.0,1,2,2,2,Australia,AS24940,0.0,0.0,0.000642,normal,0
36t1QbJweYUpC18y6Vt627e378DD6x,6,3,3,1.0,3,3,9.07027102,4.02511512,5.0451559,0.4438,2160.11,1568.8,20.24,5816.99,20.24,180.01,0.0,0.1965,0.1965,0.1965,0.0,0.0,0.0025,0.0925,0.0167,0.0167,0.0,0.0,0.0,0.0,5,12,8,11,Australia,AS13285,0.5638,0.002774,0.00184,normal,0
37ihAxXniA8nGtm2oG4ia5TMVZNF,2,1,1,1.0,1,1,1.97424637,1.97424637,0.0,1.0,4.2,4.2,4.2,4.2,4.2,0.07,1.0,1.0,1.0,1.0,0.0359,3.59,8.3333,1.9231,5.8824,5.8824,1.0,0.0,1.0,1.0,2,4,3,4,United States,AS3356,0.0,1.1e-05,0.002383,peel_chain,1
37v89GB5quD6oQVdDRtdTAJufdr,2,1,1,1.0,1,1,0.03443925,0.03443925,0.0,1.0,19.17,19.17,19.17,19.17,19.17,0.32,0.0,1.0,1.0,1.0,0.0,0.0,2.7027,0.4958,2.381,2.381,1.0,0.0,1.0,0.0,2,4,3,4,India,AS25513,0.0,3e-06,0.000643,mixer,1
39BEBcpd1A3nVCwpnueRGoTEwjH2oVn,2,1,1,1.0,1,1,6.62094691,6.62094691,0.0,1.0,7.05,7.05,7.05,7.05,7.05,0.12,1.0,1.0,1.0,1.0,0.0381,3.81,5.8824,1.2422,4.5455,4.5455,1.0,0.0,1.0,1.0,2,4,4,4,Germany,AS25513,0.0,3e-06,0.001188,rapid_cashout,1
3A3ExP33nB9cbePUK8dZD6Uyc3W,1,1,0,0.0,1,0,0.09519482,0.0,0.09519482,0.0,0.0,0.0,0.0,0.0,0.0,0.0,0.0,0.0,0.0,0.0,0.0,0.0,0.0,0.0,0.0,10.0,0.0,0.0,0.0,0.0,1,2,2,2,Germany,AS24940,0.0,0.0,0.000668,normal,0
3A5MbTyQ1XkK7ZSJyESCSXMTJkgMeN77,6,2,4,2.0,2,7,9.26309941,10.50857491,-1.2454755,0.8815,5452.03,3922.88,162.54,14970.39,162.54,454.34,0.0,0.0,0.0,0.0,0.0,0.0,0.0019,0.0,0.0154,0.0044,0.0,0.0,0.0,0.0,9,12,7,11,Brazil,AS13285,0.5638,0.01122,0.002293,normal,0
3AGBsFr2kSu5Mdh8sVPgpPZkZMtg,1,0,1,1.0,0,2,0.0,13.83874097,-13.83874097,0.0,0.0,0.0,0.0,0.0,0.0,0.0,0.0,0.0,0.0,0.0,0.0,0.0,0.0,0.0,20.0,0.0,0.0,0.0,0.0,0.0,2,2,2,2,Singapore,AS4657,0.0,0.0,0.000642,normal,0
3AKQm3e31nnGgTMdYiERW3tqfS,2,1,1,1.0,1,1,11.10303084,11.10303084,0.0,1.0,7.19,7.19,7.19,7.19,7.19,0.12,1.0,1.0,1.0,1.0,0.0425,4.25,5.8824,1.221,4.5455,4.5455,1.0,0.0,1.0,1.0,2,4,4,4,Germany,AS25513,0.0,6e-06,0.001652,rapid_cashout,1
3ApJyDSJJgfssDaDUexaBu9KjUJB,3,1,2,2.0,2,2,7.97870679,12.97585722,-4.99715043,0.6149,2090.04,2090.04,1554.62,2625.45,2625.45,69.67,0.0,0.0,0.0,0.0,0.0,0.0,0.0088,0.0,0.0287,0.0287,0.0,0.0,0.0,0.0,4,6,5,6,Brazil,AS18881,0.3457,0.005258,0.003134,normal,0
3AqbopBfGjLTbEP7CrWR96Uc3nW7U8cpu,2,1,1,1.0,1,1,1.88918021,1.88918021,0.0,1.0,23.34,23.34,23.34,23.34,23.34,0.39,0.0,1.0,1.0,1.0,0.069,6.9,2.2727,0.4108,2.0408,2.0408,1.0,0.0,1.0,0.0,2,4,3,3,United Kingdom,AS2856,0.0,2.6e-05,0.002047,peel_chain,1
3BtNSGTEG4kf5LYybZqpRYsUtU5uiWuo,2,1,1,1.0,1,1,5.74609493,5.74609493,0.0,1.0,21.81,21.81,21.81,21.81,21.81,0.36,0.0,1.0,1.0,1.0,0.0607,6.07,2.439,0.4384,2.1739,2.1739,1.0,0.0,1.0,0.0,2,4,4,4,China,AS25513,0.2181,2.8e-05,0.001652,peel_chain,1
3BvohhNfRqdeRDJxrz1kyoNRRLC85,1,0,1,1.0,0,1,0.0,16.80906427,-16.80906427,0.0,0.0,0.0,0.0,0.0,0.0,0.0,0.0,0.0,0.0,0.0,0.0,0.0,0.0,0.0,10.0,0.0,0.0,0.0,0.0,0.0,1,2,2,2,Germany,AS29465,0.0,0.0,0.000642,normal,0
3C3r9kCGCvVZ226uqtBWJrcN1oqVZ3CbNG,2,2,0,0.0,4,0,21.71239723,0.0,21.71239723,0.0,36668.24,36668.24,36668.24,36668.24,0.0,611.14,0.0,0.0,0.0,0.0,0.0,0.0,0.0,0.0,0.0,0.0065,0.0,0.0,0.0,0.0,4,4,4,4,China,AS24940,0.2181,0.0,0.004939,normal,0
3CadqxZRovcwGMJGKP5DYNtJBqAf8rCT,2,1,1,1.0,1,1,0.84142375,0.84142375,0.0,1.0,45.81,45.81,45.81,45.81,45.81,0.76,0.0,0.0,1.0,1.0,0.0,0.0,1.2346,0.0,1.1628,1.1628,0.0,0.0,1.0,0.0,2,4,3,4,Germany,AS2856,0.2181,0.0,0.000671,mixer,1
3D2Ty7rjppBPuXmBEAZ4oAYjHP1e,3,1,2,2.0,1,2,3.06324315,10.22282274,-7.15957959,0.2996,12604.01,12604.01,28.79,25179.23,28.79,420.13,0.0,1.0,1.0,1.0,0.0,0.0,0.0007,0.3357,0.0048,0.0024,0.0,0.0,0.0,0.0,3,6,4,4,Brazil,AS12389,0.2003,0.00227,0.000971,normal,0
3D2g5YWmYXBtw1rLBsWcX1rZZpdbmX,6,4,2,0.5,4,2,5.93238583,8.1542864,-2.22190057,0.7275,5752.4,1313.83,444.63,21935.57,444.63,479.37,0.0,0.0,0.0,0.0,0.0,0.0,0.0015,0.0,0.0042,0.0083,0.0,0.0,0.0,0.0,6,12,8,12,United States,AS12389,0.5638,0.00127,0.001598,normal,0
3DMcr3URoFCwZg4Ln7ypCpwHtE,5,2,3,1.5,2,3,10.19610858,21.68296228,-11.4868537,0.4702,6638.83,2647.41,0.99,21259.49,0.99,442.59,0.2049,0.2049,0.2049,0.2049,0.0,0.0,0.0011,1.0296,0.0068,0.0045,0.0,0.0,0.0,0.0,5,10,7,9,Australia,AS13335,0.3319,0.00178,0.001518,normal,0
3DXJT7LVX3KW9eUE4xEj4SuX9ikcdVytjE,1,1,0,0.0,1,0,1.2086956,0.0,1.2086956,0.0,0.0,0.0,0.0,0.0,0.0,0.0,0.0,0.0,0.0,0.0,0.0,0.0,0.0,0.0,0.0,10.0,0.0,0.0,0.0,0.0,1,2,2,2,Germany,AS13285,0.0,0.0,0.000968,normal,0
3EmvezXBYtNi1yXmVxbWTZZBHGACLa,3,1,2,2.0,1,2,1.83116072,13.30916341,-11.47800269,0.1376,1093.38,1093.38,1.05,2185.71,1.05,36.45,0.4044,0.4044,0.4044,0.4044,0.0,0.0,0.0038,1.9727,0.0547,0.0274,0.0,0.0,0.0,0.0,3,6,4,6,Australia,AS1221,0.2003,0.000353,0.001945,normal,0
3FYcZp39e3rfqJv3RBfchbnBTa,2,1,1,1.0,1,1,6.49645154,6.49645154,0.0,1.0,19.82,19.82,19.82,19.82,19.82,0.33,0.0,1.0,1.0,1.0,0.0498,4.98,2.6316,0.4803,2.3256,2.3256,1.0,0.0,1.0,0.0,2,4,3,4,India,AS133982,0.2181,6e-06,0.001652,peel_chain,1
3FaKFpAvshHkB1nWfYMe3bzM7SP,4,2,2,1.0,2,2,1.74158037,3.64230211,-1.90072174,0.4782,11607.46,14990.0,1721.9,18110.48,0.0,580.37,0.0,0.0,0.0,0.0,0.0,0.0,0.0008,0.0,0.0034,0.0034,0.0,0.0,0.0,0.0,4,8,7,8,China,AS12389,0.3272,0.001185,0.001267,normal,0
3FpwSfz4doJM8AWwaH1SKBea6i,3,1,2,2.0,1,3,4.74008743,2.63630237,2.10378506,0.5562,330.52,330.52,3.6,657.43,3.6,11.02,0.2074,0.2074,0.2074,0.2074,0.0,0.0,0.0502,0.4509,0.2698,0.0899,0.0,0.0,0.0,0.0,4,6,5,6,Australia,AS13335,0.2003,0.00174,0.001538,normal,0
3FpyeVAoAiVvYe42rwfmQqEi1WNcfcV,2,1,1,1.0,1,1,4.00720388,4.00720388,0.0,1.0,2.29,2.29,2.29,2.29,2.29,0.04,1.0,1.0,1.0,1.0,0.0385,3.85,11.1111,3.0395,7.1429,7.1429,1.0,0.0,1.0,1.0,2,4,3,4,Germany,AS24940,0.0,1.1e-05,0.002383,peel_chain,1
3GdndiQFcmjGDui2hsjsYjVAKJgNj3,4,3,1,0.3333333333333333,3,2,1.61053157,10.08452869,-8.47399712,0.1597,7391.39,7315.61,7043.33,7815.22,7043.33,369.57,0.0,0.0,0.0,0.0,0.0,0.0,0.0004,0.0,0.0054,0.0081,0.0,0.0,0.0,0.0,5,8,6,8,China,AS1221,0.4362,0.016598,0.001305,normal,0
3HX7j2SDdqGSimSDqk7RLfcQ3h8h,3,1,2,2.0,1,2,0.65900288,18.83213639,-18.17313351,0.035,10844.76,10844.76,0.43,21689.1,0.43,361.49,1.0,1.0,1.0,1.0,0.0,0.0,0.0001,6.993,0.0055,0.0028,0.0,0.0,0.0,1.0,3,6,5,6,Nigeria,AS133982,0.2003,0.002911,0.000804,normal,0
3JTJPBzKQvDxRpt1pBLsj6dfz7rBY52h59,1,1,0,0.0,1,0,0.29819362,0.0,0.29819362,0.0,0.0,0.0,0.0,0.0,0.0,0.0,0.0,0.0,0.0,0.0,0.0,0.0,0.0,0.0,0.0,10.0,0.0,0.0,0.0,0.0,1,2,2,2,Australia,AS28573,0.0,0.0,0.000665,normal,0
3JocAC6vcBmmXefUSSNKuUMJceieJz,1,1,0,0.0,1,0,3.46204102,0.0,3.46204102,0.0,0.0,0.0,0.0,0.0,0.0,0.0,0.0,0.0,0.0,0.0,0.0,0.0,0.0,0.0,0.0,10.0,0.0,0.0,0.0,0.0,1,2,2,2,Brazil,AS18881,0.0,0.0,0.001652,rapid_cashout,1
3JsvSPYS1R5GRa9wbeUQ73FsnK2,4,4,0,0.0,5,0,7.80867697,0.0,7.80867697,0.0,8498.95,4891.1,3633.63,16972.11,0.0,424.95,0.0,0.0,0.0,0.0,0.0,0.0,0.0,0.0,0.0,0.0118,0.0,0.0,0.0,0.0,5,8,7,8,Singapore,AS2856,0.4362,0.0,0.002953,normal,0
3JzrcvdZaLPvRSJLGuvkJF5ucPvbkFhr,2,1,1,1.0,1,1,1.37831718,1.37831718,0.0,1.0,72.22,72.22,72.22,72.22,72.22,1.2,0.0,0.0,0.0,1.0,0.0,0.0,0.8,0.0,0.7692,0.7692,0.0,0.0,1.0,0.0,2,4,2,2,China,AS3320,0.2181,0.0,0.000689,mixer,1
3K2dVYPACiWHEBac8Zg3B6z9poKAE,4,3,1,0.3333333333333333,3,2,9.99550374,10.77140142,-0.77589768,0.928,6914.14,5188.0,55.08,15499.34,55.08,345.71,0.0,0.0,0.0433,0.0433,0.0,0.0,0.0027,0.0,0.0058,0.0087,0.0,0.0,0.0,0.0,5,8,5,7,Germany,AS24940,0.4362,0.00176,0.001427,normal,0
3K7oYxg9QYaeuFmgBWJTgRxykfW5,3,2,1,0.5,3,1,7.33550314,1.46099488,5.87450826,0.1992,13092.05,13092.05,204.18,25979.91,204.18,436.4,0.0,0.0,0.0,0.0,0.0,0.0,0.0005,0.0,0.0023,0.0069,0.0,0.0,0.0,0.0,4,6,4,5,Nigeria,AS17547,0.3457,0.01377,0.002369,normal,0
3KZPSnREY5HKirvwsYhkyGEn64hsd3yDw,2,1,1,1.0,1,2,1.57966402,6.99746906,-5.41780504,0.2257,1.95,1.95,1.95,1.95,1.95,0.03,1.0,1.0,1.0,1.0,0.0,0.0,2.8213,3.3898,15.3846,7.6923,1.0,0.0,0.0,1.0,3,4,4,4,Brazil,AS27699,0.0,0.000903,0.00071,normal,0
3LJr1AjvvBhqAgqAnjwfFshD4PxE,2,1,1,1.0,3,1,9.26903082,1.03808101,8.23094981,0.112,807.55,807.55,807.55,807.55,807.55,13.46,0.0,0.0,0.0,0.0,0.0,0.0,0.0083,0.0,0.0737,0.2212,0.0,0.0,0.0,0.0,4,4,4,4,Brazil,AS28573,0.2181,4.3e-05,0.001959,normal,0
3LP4qkrPd9oonAXJcZtpfks4178KWesnC,8,4,4,1.0,4,8,6.57909968,17.62285014,-11.04375046,0.3733,3853.93,120.17,0.29,23680.79,0.29,449.63,0.6122,0.8872,0.8872,0.8872,0.0,0.0,0.0008,6.8775,0.0178,0.0089,0.0,0.0,0.0,0.0,11,16,7,14,India,AS1221,0.5453,0.014573,0.002907,normal,0
3MrL9duuLmB7Gv1cqEfF8i8ctva,1,1,0,0.0,1,0,1.03260353,0.0,1.03260353,0.0,0.0,0.0,0.0,0.0,0.0,0.0,0.0,0.0,0.0,0.0,0.0,0.0,0.0,0.0,0.0,10.0,0.0,0.0,0.0,0.0,1,2,2,2,Germany,AS2856,0.0,0.0,0.000735,normal,0
3NEFfmWHPf6uhL3gYGRYcDpn1nLAp,1,0,1,1.0,0,1,0.0,3.502773,-3.502773,0.0,0.0,0.0,0.0,0.0,0.0,0.0,0.0,0.0,0.0,0.0,0.0,0.0,0.0,0.0,10.0,0.0,0.0,0.0,0.0,0.0,1,2,2,2,Australia,AS13335,0.0,0.0,0.000642,rapid_cashout,1
3NTgh9zVJv5qjMLnXM6iT43i2L7ovjWZL,2,1,1,1.0,1,1,2.20939264,2.20939264,0.0,1.0,18.82,18.82,18.82,18.82,18.82,0.31,0.0,1.0,1.0,1.0,0.0374,3.74,2.7778,0.5045,2.439,2.439,1.0,0.0,1.0,0.0,2,4,3,4,Nigeria,AS36873,0.0,1.1e-05,0.001188,peel_chain,1
3PZHQP6DH3UGEBKBjyfbauzS1iuARzf2,2,1,1,1.0,1,1,0.05209103,0.05209103,0.0,1.0,72.57,72.57,72.57,72.57,72.57,1.21,0.0,0.0,0.0,1.0,0.0,0.0,0.7937,0.0,0.7634,0.7634,0.0,0.0,1.0,0.0,2,4,3,4,Brazil,AS27699,0.2181,3e-06,0.000645,mixer,1
3PZrFNoHUc3qKZFG1VX2rRNz1w,1,1,0,0.0,1,0,1.70061794,0.0,1.70061794,0.0,0.0,0.0,0.0,0.0,0.0,0.0,0.0,0.0,0.0,0.0,0.0,0.0,0.0,0.0,0.0,10.0,0.0,0.0,0.0,0.0,1,2,2,2,Australia,AS7018,0.0,0.0,0.002434,normal,0
3Q9WMP1dfjR8TKaqxwSHdZibrZfy,3,2,1,0.5,2,2,0.34429185,14.92127433,-14.57698248,0.0231,4651.36,4651.36,0.46,9302.25,0.46,155.05,0.1284,0.1284,0.1284,0.1284,0.0,0.0,0.0001,0.8795,0.0129,0.0129,0.0,0.0,0.0,0.0,4,6,4,5,United Kingdom,AS13285,0.2003,0.002914,0.000712,normal,0
3QAA5srcvVRNHB6x14AWwpGTmNHdL,3,2,1,0.5,4,1,14.31909959,3.30097733,11.01812226,0.2305,10703.06,10703.06,1477.69,19928.42,1477.69,356.77,0.0,0.0,0.0,0.0,0.0,0.0,0.0006,0.0,0.0028,0.0112,0.0,0.0,0.0,0.0,5,6,4,5,Russia,AS24940,0.3457,0.003558,0.006223,normal,0
3QSdv1mBT8kE7weyWQhDykHESMtYae,2,1,1,1.0,1,1,0.49955943,13.54260412,-13.04304469,0.0369,965.12,965.12,965.12,965.12,0.0,16.09,0.0,0.0,0.0,0.0,0.0,0.0,0.0023,0.0,0.0618,0.0618,0.0,0.0,0.0,0.0,2,4,4,4,Australia,AS12714,0.2181,0.0,0.000684,normal,0
3QdQGsxvSmcZQ1BRacq2KQynjcJkBY,3,2,1,0.5,3,1,2.94957573,1.13665143,1.8129243,0.3854,31.29,31.29,24.56,38.01,38.01,1.04,0.0,0.0,0.3854,0.3854,0.0,0.0,0.3536,0.0,0.8772,2.6316,0.0,0.0,0.0,0.0,4,6,3,5,United Kingdom,AS13285,0.2003,0.00854,0.002057,normal,0
3REcS2qvbxSV4LiipYv8giSg6B,1,0,1,1.0,0,1,0.0,11.648246,-11.648246,0.0,0.0,0.0,0.0,0.0,0.0,0.0,0.0,0.0,0.0,0.0,0.0,0.0,0.0,0.0,10.0,0.0,0.0,0.0,0.0,0.0,1,2,2,2,Germany,AS3209,0.0,0.0,0.000642,rapid_cashout,1
3RTAyULyEEK1PArQCG4Gs6QCtzBsDAsZBD,3,1,2,2.0,1,2,3.21259557,2.41977399,0.79282158,0.7532,10844.6,10844.6,4117.26,17571.94,0.0,361.49,0.0,0.0,0.0,0.0,0.0,0.0,0.0021,0.0,0.0055,0.0028,0.0,0.0,0.0,0.0,3,6,4,6,Brazil,AS1221,0.3457,0.000883,0.001598,normal,0
3RU2s2sRMJSC6KUDn4bne3rjoNMWFHGFz,1,1,0,0.0,1,0,2.78074922,0.0,2.78074922,0.0,0.0,0.0,0.0,0.0,0.0,0.0,0.0,0.0,0.0,0.0,0.0,0.0,0.0,0.0,0.0,10.0,0.0,0.0,0.0,0.0,1,2,2,2,China,AS4134,0.0,0.0,0.001652,rapid_cashout,1
3RjYKhmeBSe1CJa7Fime8bQwTs8BbKH,2,1,1,1.0,1,1,3.66540865,3.66540865,0.0,1.0,5.3,5.3,5.3,5.3,5.3,0.09,1.0,1.0,1.0,1.0,0.0624,6.24,7.1429,1.5873,5.2632,5.2632,1.0,0.0,1.0,1.0,2,4,4,4,Nigeria,AS2856,0.0,3.4e-05,0.002383,peel_chain,1
3RuWcHnVcnqyMQAYugUE167aVxn5,2,1,1,1.0,1,1,4.80537112,4.80537112,0.0,1.0,2.31,2.31,2.31,2.31,2.31,0.04,1.0,1.0,1.0,1.0,0.0583,5.83,11.1111,3.0211,7.1429,7.1429,1.0,0.0,1.0,1.0,2,4,3,4,United States,AS16509,0.0,2.8e-05,0.002669,peel_chain,1
3S67d7uKsDVG18wTHqhymSL2hf,3,2,1,0.5,5,2,30.24271286,7.31591586,22.926797,0.2419,8362.33,8362.33,220.3,16504.37,220.3,278.74,0.0,0.0,0.0,0.0,0.0,0.0,0.0009,0.0,0.0072,0.0179,0.0,0.0,0.0,0.0,7,6,6,6,Australia,AS1221,0.3457,0.002544,0.003017,normal,0
3S92iyhTC3TFTE53sMXGJoBh2ZBXXMR,9,0,9,9.0,0,9,0.0,9.73072799,-9.73072799,0.0,0.94,0.51,0.06,2.77,0.0,0.13,0.0,0.0,0.0,0.0,0.0,0.0,0.0,0.0,39.1304,0.0,0.0,1.0,0.0,0.0,9,18,9,15,Australia,AS13335,0.1098,0.0,0.000642,mixer,1
3SXaP4XsE9t8fb7NpTAwBhQ3TM,1,1,0,0.0,1,0,1.3256819,0.0,1.3256819,0.0,0.0,0.0,0.0,0.0,0.0,0.0,0.0,0.0,0.0,0.0,0.0,0.0,0.0,0.0,0.0,10.0,0.0,0.0,0.0,0.0,1,2,2,2,Australia,AS13335,0.0,0.0,0.000881,normal,0
3Shu3oJN9XZnA5scEu9TFF1ougA,5,2,3,1.5,2,3,7.48605083,7.19925665,0.28679418,0.9617,6811.22,3508.2,1.17,20227.32,47.32,454.08,0.0,0.0,0.1476,0.1476,0.0,0.0,0.0021,0.0,0.0066,0.0044,0.0,0.0,0.0,0.0,4,10,8,10,Germany,AS1221,0.4192,0.000393,0.001675,normal,0
3Ta5HbTxqRecvbuBEio6YernuwmfxPr,3,1,2,2.0,3,4,10.85188682,10.11970556,0.73218126,0.9325,5922.35,5922.35,1.55,11843.15,1.55,197.41,0.5376,0.5376,0.5376,0.5376,0.0,0.0,0.0047,2.1082,0.0203,0.0152,0.0,0.0,0.0,0.0,7,6,4,5,Russia,AS13285,0.2003,0.00382,0.002375,normal,0
3Tk62XigK8QJnLgcA7oqsLkVV55coua,3,2,1,0.5,2,1,2.3448743,1.42101571,0.92385859,0.606,16829.63,16829.63,1906.45,31752.82,1906.45,560.99,0.0,0.0,0.0,0.0,0.0,0.0,0.0011,0.0,0.0018,0.0036,0.0,0.0,0.0,0.0,3,6,5,5,Russia,AS17547,0.3457,0.000658,0.001782,normal,0
3Tuq7QqffdfGruYy5NhcWWzauu5S2qWbHf,2,1,1,1.0,1,1,3.57487213,3.57487213,0.0,1.0,65.32,65.32,65.32,65.32,65.32,1.09,0.0,0.0,0.0,1.0,0.0,0.0,0.8772,0.0,0.8403,0.8403,0.0,0.0,1.0,0.0,2,4,4,4,China,AS2856,0.2181,0.0,0.000843,mixer,1
3Tx7bQXxZpS9iVjHjKMNTDtoUtzsXHXDv,1,0,1,1.0,0,2,0.0,6.44060971,-6.44060971,0.0,0.0,0.0,0.0,0.0,0.0,0.0,0.0,0.0,0.0,0.0,0.0,0.0,0.0,0.0,20.0,0.0,0.0,0.0,0.0,0.0,2,2,2,2,Brazil,AS18881,0.0,0.0,0.000642,normal,0
3UEiVyxcsCdLUg1hFtcaQRioJPXGgFZKmo,8,3,5,1.6666666666666667,3,7,12.08780893,15.99621691,-3.90840798,0.7557,5624.09,482.18,0.13,25715.21,0.13,656.14,0.4316,0.5957,0.5957,0.5957,0.0,0.0,0.0012,5.2717,0.0107,0.0046,0.0,0.0,0.0,0.0,10,16,7,13,Germany,AS13285,0.5453,0.013371,0.004152,normal,0
3UrWPVycMyK23qMk2tL6MMMfFebu4JL2K,2,1,1,1.0,1,1,3.95785597,3.95785597,0.0,1.0,16.21,16.21,16.21,16.21,16.21,0.27,0.0,1.0,1.0,1.0,0.05,5.0,3.125,0.5811,2.7027,2.7027,1.0,0.0,1.0,0.0,2,4,2,4,Australia,AS13335,0.2181,2.8e-05,0.001652,peel_chain,1
3UzSztahg6RjKQoJzTac2JWdViT8,8,3,5,1.6666666666666667,4,7,16.70375752,23.57019291,-6.86643539,0.7087,5991.55,2525.56,23.56,16315.73,23.56,699.01,0.0,0.3252,0.3252,0.3252,0.0,0.0,0.001,0.1324,0.01,0.0057,0.0,0.0,0.0,0.0,11,16,9,14,Australia,AS133982,0.4702,0.015468,0.002695,normal,0
3VE9ZbhK9hmZvPrb2TuG5msBgE55d3,1,1,0,0.0,1,0,9.99610923,0.0,9.99610923,0.0,0.0,0.0,0.0,0.0,0.0,0.0,0.0,0.0,0.0,0.0,0.0,0.0,0.0,0.0,0.0,10.0,0.0,0.0,0.0,0.0,1,2,2,2,Nigeria,AS37075,0.0,0.0,0.001293,normal,0
3ViUfkV18eaRAHLSzHCh1cVd3zy,3,2,1,0.5,2,1,7.58050895,1.55060488,6.02990407,0.2046,12835.42,12835.42,8383.9,17286.95,0.0,427.85,0.0,0.0,0.0,0.0,0.0,0.0,0.0005,0.0,0.0023,0.0047,0.0,0.0,0.0,0.0,3,6,5,5,Brazil,AS16509,0.2003,0.003828,0.001246,normal,0
3WJgHikAcGFNes3eP8qTww1BpgNofG,6,2,4,2.0,2,6,4.5680332,16.40259377,-11.83456057,0.2785,5072.3,6388.27,481.04,8669.22,1836.65,422.69,0.0,0.0,0.0,0.0,0.0,0.0,0.0007,0.0,0.0142,0.0047,0.0,0.0,0.0,0.0,8,12,8,9,Australia,AS13335,0.5638,0.003843,0.006169,normal,0
3WUVAkKLHWYNp5Sa6VKyk2Q3Ypnx,2,1,1,1.0,1,1,4.52500111,4.52500111,0.0,1.0,14.15,14.15,14.15,14.15,14.15,0.24,0.0,1.0,1.0,1.0,0.0615,6.15,3.4483,0.6601,2.9412,2.9412,1.0,0.0,1.0,1.0,2,4,3,4,United Kingdom,AS1221,0.0,1.7e-05,0.002912,peel_chain,1
3XD4dmJ2ibucP2qkHJyGB8DLQi8byu,2,1,1,1.0,3,3,11.35199977,3.15431635,8.19768342,0.2779,34.02,34.02,34.02,34.02,34.02,0.57,0.0,0.0,0.2779,0.2779,0.0,0.0,0.4482,0.0,4.4776,4.4776,0.0,0.0,0.0,0.0,6,4,3,4,India,AS12714,0.2181,0.007571,0.001835,normal,0
3XgzK114QXgMjF2c4btDb8x6cNmeo,2,1,1,1.0,1,1,5.02192646,5.02192646,0.0,1.0,5.58,5.58,5.58,5.58,5.58,0.09,1.0,1.0,1.0,1.0,0.0725,7.25,7.1429,1.5198,5.2632,5.2632,1.0,0.0,1.0,1.0,2,4,3,4,China,AS1221,0.0,9e-06,0.002047,peel_chain,1
3XiJpNgyaojg2UynnaiaAdcq9g2w72K9hQ,1,0,1,1.0,0,1,0.0,4.952935,-4.952935,0.0,0.0,0.0,0.0,0.0,0.0,0.0,0.0,0.0,0.0,0.0,0.0,0.0,0.0,0.0,10.0,0.0,0.0,0.0,0.0,0.0,1,2,2,2,Germany,AS24940,0.0,0.0,0.000642,peel_chain,1
3YDp8h4EuYp111FwsLJjtZq7JsSj9MY3j,4,3,1,0.3333333333333333,3,1,7.75660788,7.56361083,0.19299705,0.9751,3251.21,3998.68,0.13,5754.83,0.13,162.56,0.2164,0.2164,0.2164,0.2164,0.0,0.0,0.006,1.915,0.0061,0.0184,0.0,0.0,0.0,0.0,4,8,6,8,Australia,AS1221,0.2181,0.000883,0.003011,normal,0
3YGQShmUCPaZzXFGRga7QNCLfm,1,1,0,0.0,1,0,4.01523245,0.0,4.01523245,0.0,0.0,0.0,0.0,0.0,0.0,0.0,0.0,0.0,0.0,0.0,0.0,0.0,0.0,0.0,0.0,10.0,0.0,0.0,0.0,0.0,1,2,2,2,Russia,AS17547,0.0,0.0,0.002047,peel_chain,1
3YPrVTpTvBHXLTAuPeyQdc9czbjwKFaU6N,2,1,1,1.0,1,1,1.31999785,1.31999785,0.0,1.0,48.69,48.69,48.69,48.69,48.69,0.81,0.0,0.0,1.0,1.0,0.0,0.0,1.1628,0.0,1.0989,1.0989,0.0,0.0,1.0,0.0,2,4,4,4,Nigeria,AS25513,0.2181,0.0,0.000709,mixer,1
3YPvWtsHnRwWpHJbzV9YMZYTKBhaEm3kh,7,4,3,0.75,4,3,14.41733544,23.89215692,-9.47482148,0.6034,4668.43,2637.97,1.23,13554.31,1.23,466.84,0.2662,0.2662,0.5007,0.5007,0.0,0.0,0.0013,1.1937,0.0064,0.0086,0.0,0.0,0.0,0.0,6,14,8,13,Australia,AS12389,0.4641,0.003911,0.002383,normal,0
3ZyqosPkKxdGvhBgKH5Xogfmh5PTW2L4Ze,1,1,0,0.0,1,0,3.57857627,0.0,3.57857627,0.0,0.0,0.0,0.0,0.0,0.0,0.0,0.0,0.0,0.0,0.0,0.0,0.0,0.0,0.0,0.0,10.0,0.0,0.0,0.0,0.0,1,2,2,2,Germany,AS37075,0.0,0.0,0.001652,rapid_cashout,1
3bjnjFKZUyZTVcNn18FBXsFcFKbk,2,1,1,1.0,1,1,13.45513774,13.45513774,0.0,1.0,1.56,1.56,1.56,1.56,1.56,0.03,1.0,1.0,1.0,1.0,0.0277,2.77,12.5,3.9062,7.6923,7.6923,1.0,0.0,1.0,1.0,2,4,4,4,Australia,AS13335,0.0,9e-06,0.001188,rapid_cashout,1
3bm9HDNNHwAdUSJkh9HPd2DJaGikzQ,2,1,1,1.0,1,1,1.67922511,1.67922511,0.0,1.0,37.72,37.72,37.72,37.72,37.72,0.63,0.0,0.0,1.0,1.0,0.0,0.0,1.4706,0.0,1.3699,1.3699,0.0,0.0,1.0,0.0,2,4,3,4,Germany,AS12389,0.2181,0.0,0.000727,mixer,1
3cZNWiZtTCgjcPX2wKgfQM7PtzeJUzNG,2,2,0,0.0,2,0,0.9881999,0.0,0.9881999,0.0,29560.21,29560.21,29560.21,29560.21,0.0,492.67,0.0,0.0,0.0,0.0,0.0,0.0,0.0,0.0,0.0,0.0041,0.0,0.0,0.0,0.0,2,4,4,4,Australia,AS13285,0.2181,0.0,0.000732,normal,0
3cgt1RgerKqQ8XVX3i3vXKPLtozEgxvCL4,1,1,0,0.0,1,0,4.91233205,0.0,4.91233205,0.0,0.0,0.0,0.0,0.0,0.0,0.0,0.0,0.0,0.0,0.0,0.0,0.0,0.0,0.0,0.0,10.0,0.0,0.0,0.0,0.0,1,2,2,2,India,AS29465,0.0,0.0,0.002383,peel_chain,1
3cguUUwzFbnAmAJjEK3Cc13y4JT4qK9,8,3,5,1.6666666666666667,3,7,6.38193998,14.72203855,-8.34009857,0.4335,3768.33,920.26,49.71,14434.32,49.71,439.64,0.0,0.0,0.6668,0.7663,0.0,0.0,0.001,0.0,0.0159,0.0068,0.0,0.0,0.0,0.0,10,16,8,15,Australia,AS1221,0.5998,0.0132,0.002995,normal,0
3dM5dj9CibV4YJXqTz34n37ofTg,1,1,0,0.0,1,0,4.65797816,0.0,4.65797816,0.0,0.0,0.0,0.0,0.0,0.0,0.0,0.0,0.0,0.0,0.0,0.0,0.0,0.0,0.0,0.0,10.0,0.0,0.0,0.0,0.0,1,2,2,2,Australia,AS1221,0.0,0.0,0.002383,peel_chain,1
3dZmzLAnQFsxZ44DWGS4G6a589ZK,4,3,1,0.3333333333333333,6,1,16.91049108,1.48817468,15.4223164,0.088,4347.7,2961.05,1.91,10080.13,1.91,217.38,0.088,0.088,0.088,0.088,0.0,0.0,0.0004,0.3024,0.0046,0.0276,0.0,0.0,0.0,0.0,7,8,5,7,India,AS12714,0.1769,0.007868,0.003186,normal,0
3dcBBVSNefyc8zj8kdNQjc6mSq,1,0,1,1.0,0,1,0.0,7.34502372,-7.34502372,0.0,0.0,0.0,0.0,0.0,0.0,0.0,0.0,0.0,0.0,0.0,0.0,0.0,0.0,0.0,10.0,0.0,0.0,0.0,0.0,0.0,1,2,2,2,Germany,AS3209,0.0,0.0,0.000642,normal,0
3dwK5w58xhaKRBZkkyfFSRb3U2NehL,2,1,1,1.0,3,1,12.10140273,5.88236662,6.21903611,0.4861,54.13,54.13,54.13,54.13,54.13,0.9,0.0,0.0,0.4861,0.4861,0.0,0.0,0.5117,0.0,1.0,3.0,0.0,0.0,0.0,0.0,4,4,4,4,India,AS13285,0.2181,0.001567,0.001493,normal,0
3eE8pzhbg85sZ6QYaT1H7LFbdQ9sxQ1BR,1,0,1,1.0,0,1,0.0,11.289587,-11.289587,0.0,0.0,0.0,0.0,0.0,0.0,0.0,0.0,0.0,0.0,0.0,0.0,0.0,0.0,0.0,10.0,0.0,0.0,0.0,0.0,0.0,1,2,2,2,Australia,AS4657,0.0,0.0,0.000642,rapid_cashout,1
3emjFdYUPffcH3pup1AiSTzoa6,1,1,0,0.0,1,0,1.57891509,0.0,1.57891509,0.0,0.0,0.0,0.0,0.0,0.0,0.0,0.0,0.0,0.0,0.0,0.0,0.0,0.0,0.0,0.0,10.0,0.0,0.0,0.0,0.0,1,2,2,2,China,AS4134,0.0,0.0,0.000717,normal,0
3erUgXjqXFataTbKv8V7YQLRW6cfzt15,1,0,1,1.0,0,1,0.0,3.95763,-3.95763,0.0,0.0,0.0,0.0,0.0,0.0,0.0,0.0,0.0,0.0,0.0,0.0,0.0,0.0,0.0,10.0,0.0,0.0,0.0,0.0,0.0,1,2,2,2,China,AS3216,0.0,0.0,0.000642,rapid_cashout,1
3esijc78xkHM4MfhgUGAbQDR5B,8,2,6,3.0,3,8,8.44754777,28.33964975,-19.89210198,0.2981,4935.7,4973.1,0.98,10107.8,0.98,575.83,0.093,0.093,0.093,0.093,0.0,0.0,0.0005,0.4697,0.0139,0.0052,0.0,0.0,0.0,0.0,11,16,6,11,United States,AS12714,0.4362,0.010824,0.001377,normal,0
3ewk9TL64oZaEGPdS1gYeckah5v7nJ6m,2,1,1,1.0,1,1,2.19588539,2.19588539,0.0,1.0,15.56,15.56,15.56,15.56,15.56,0.26,0.0,1.0,1.0,1.0,0.0782,7.82,3.2258,0.6039,2.7778,2.7778,1.0,0.0,1.0,0.0,2,4,3,4,Singapore,AS17547,0.0,1.4e-05,0.001188,peel_chain,1
3fKC7oJh5peFtLNqc7UgH7TRfkZBGh,1,0,1,1.0,0,1,0.0,9.16552951,-9.16552951,0.0,0.0,0.0,0.0,0.0,0.0,0.0,0.0,0.0,0.0,0.0,0.0,0.0,0.0,0.0,10.0,0.0,0.0,0.0,0.0,0.0,1,2,2,2,Germany,AS3209,0.0,0.0,0.000642,normal,0
3fLx3bhJtaTdv2zcshTdtLwvRW4CxUwTU8,2,1,1,1.0,1,1,3.84453685,3.84453685,0.0,1.0,6.2,6.2,6.2,6.2,6.2,0.1,1.0,1.0,1.0,1.0,0.0348,3.48,6.6667,1.3889,5.0,5.0,1.0,0.0,1.0,1.0,2,4,4,4,Brazil,AS27699,0.0,6e-06,0.001652,rapid_cashout,1
3faDh7yPaUG24SYY5V58c4Ghe4,3,1,2,2.0,1,2,1.33105701,14.05729564,-12.72623863,0.0947,12619.39,12619.39,1.21,25237.56,1.21,420.65,0.7188,0.7188,0.7188,0.7188,0.0,0.0,0.0002,3.2525,0.0048,0.0024,0.0,0.0,0.0,0.0,3,6,4,5,Russia,AS25513,0.2003,6e-05,0.000729,normal,0
3fp7paGJM5pmRWqJgvNoohNDNWUaK1pz,4,3,1,0.3333333333333333,3,1,22.37416743,2.59007423,19.7840932,0.1158,8400.84,2054.59,25.87,23122.05,2054.59,420.04,0.0,0.0,0.0,0.0,0.0,0.0,0.0003,0.0,0.0024,0.0071,0.0,0.0,0.0,0.0,3,8,4,7,United States,AS16509,0.3272,0.000664,0.006775,normal,0
3fqWVtUZRkpcSR3LTEg9VdXHSuU98uq,2,1,1,1.0,1,1,3.25987087,3.25987087,0.0,1.0,1.47,1.47,1.47,1.47,1.47,0.02,1.0,1.0,1.0,1.0,0.0498,4.98,14.2857,4.0486,8.3333,8.3333,1.0,0.0,1.0,1.0,2,4,4,4,Brazil,AS18881,0.0,1.7e-05,0.002912,peel_chain,1
3fvdVoLDav4LukjenySEGH7LbBw,2,1,1,1.0,1,1,0.55445808,0.55445808,0.0,1.0,57.14,57.14,57.14,57.14,57.14,0.95,0.0,0.0,1.0,1.0,0.0,0.0,1.0,0.0,0.9524,0.9524,0.0,0.0,1.0,0.0,2,4,4,4,Germany,AS24940,0.2181,3e-06,0.000657,mixer,1
3fwz5rw2fKELoFiuHq58bkDTXWC1HuGzTq,2,1,1,1.0,2,1,7.95375612,4.65751299,3.29624313,0.5856,1898.67,1898.67,1898.67,1898.67,1898.67,31.64,0.0,0.0,0.0,0.0,0.0,0.0,0.0185,0.0,0.0315,0.063,0.0,0.0,0.0,0.0,3,4,3,4,United States,AS29465,0.2181,0.000966,0.002337,normal,0
3g8rUcY6Q27pkq6MoD7SS4f7vwxguZ,1,0,1,1.0,0,1,0.0,11.56292959,-11.56292959,0.0,0.0,0.0,0.0,0.0,0.0,0.0,0.0,0.0,0.0,0.0,0.0,0.0,0.0,0.0,10.0,0.0,0.0,0.0,0.0,0.0,1,2,2,2,Germany,AS3209,0.0,0.0,0.000642,normal,0
3hgrA4NNFXY8iwW29sReDanDwbWSiyg,1,1,0,0.0,1,0,0.37799462,0.0,0.37799462,0.0,0.0,0.0,0.0,0.0,0.0,0.0,0.0,0.0,0.0,0.0,0.0,0.0,0.0,0.0,0.0,10.0,0.0,0.0,0.0,0.0,1,2,2,2,China,AS4837,0.0,0.0,0.00097,normal,0
3htRRBEp772A6hC5D6bJ2cx3YX5PQoA7,1,1,0,0.0,1,0,0.02086235,0.0,0.02086235,0.0,0.0,0.0,0.0,0.0,0.0,0.0,0.0,0.0,0.0,0.0,0.0,0.0,0.0,0.0,0.0,10.0,0.0,0.0,0.0,0.0,1,2,2,2,Australia,AS13335,0.0,0.0,0.000643,normal,0
3hxoUveVFCzkM23mnGDLR1tLnnGgBDSRm,1,1,0,0.0,1,0,0.93277387,0.0,0.93277387,0.0,0.0,0.0,0.0,0.0,0.0,0.0,0.0,0.0,0.0,0.0,0.0,0.0,0.0,0.0,0.0,10.0,0.0,0.0,0.0,0.0,1,2,2,2,Australia,AS4837,0.0,0.0,0.000897,normal,0
3iRxPes7AwHrC213QFkW9xdzZWDus,10,5,5,1.0,7,6,15.71983201,35.65885854,-19.93902653,0.4408,4252.78,2925.67,8.97,10981.2,8.97,637.92,0.0393,0.0393,0.6591,0.6591,0.0,0.0,0.0007,0.0394,0.0094,0.011,0.0,0.0,0.0,0.0,13,20,10,17,United Kingdom,AS13335,0.5937,0.011044,0.005477,normal,0
3jSNswECxgQ2KDnbBzMWZDTFoW,1,1,0,0.0,1,0,0.22931372,0.0,0.22931372,0.0,0.0,0.0,0.0,0.0,0.0,0.0,0.0,0.0,0.0,0.0,0.0,0.0,0.0,0.0,0.0,10.0,0.0,0.0,0.0,0.0,1,2,2,2,Germany,AS25513,0.0,0.0,0.000682,normal,0
3jvsQHXNXJABTPMLhqtK9BV2b9,3,0,3,3.0,0,3,0.0,9.66234677,-9.66234677,0.0,2993.83,2993.83,1891.07,4096.59,0.0,99.79,0.0,0.0,0.0,0.0,0.0,0.0,0.0,0.0,0.03,0.0,0.0,0.0,0.0,0.0,3,6,6,6,China,AS29465,0.3457,0.0,0.000642,normal,0
3kF96jYb26EbZihRTHsmARHDm6,7,5,2,0.4,5,4,8.71172422,9.78517591,-1.07345169,0.8903,4878.03,6064.67,1.55,9966.33,1.55,487.8,0.5142,0.5142,0.5142,0.5142,0.0,0.0,0.0018,2.0165,0.0082,0.0102,0.0,0.0,0.0,0.0,9,14,8,12,United States,AS13335,0.2506,0.024529,0.001837,normal,0
3kFaQ6j9ZbEctYfRMEw5Pnfh6FVD84hmmw,2,1,1,1.0,1,1,5.0125248,5.0125248,0.0,1.0,4.75,4.75,4.75,4.75,4.75,0.08,1.0,1.0,1.0,1.0,0.0,0.0,7.6923,1.7391,5.5556,5.5556,1.0,0.0,1.0,1.0,2,4,3,4,Australia,AS13335,0.0,9e-06,0.001188,rapid_cashout,1
3mWcgZYA79hymmE6jvXpJGQH2ibg,2,1,1,1.0,1,1,14.20873921,14.20873921,0.0,1.0,5.11,5.11,5.11,5.11,5.11,0.09,1.0,1.0,1.0,1.0,0.0493,4.93,7.1429,1.6367,5.2632,5.2632,1.0,0.0,1.0,1.0,2,4,4,4,Australia,AS13335,0.0,3e-06,0.001188,rapid_cashout,1
3mpcki4gE2EbUnfj7D168TchHKT,2,1,1,1.0,1,1,2.58961142,9.92129824,-7.33168682,0.261,25.87,25.87,25.87,25.87,25.87,0.43,0.0,1.0,1.0,1.0,0.0,0.0,0.5438,0.3722,1.8868,1.8868,1.0,0.0,0.0,0.0,1,4,3,4,United States,AS16509,0.0,0.0,0.006298,normal,0
3mt9mJgMYKoaBjseCnqBeVFVGZY9c,2,1,1,1.0,1,1,3.91152116,3.91152116,0.0,1.0,84.87,84.87,84.87,84.87,84.87,1.41,0.0,0.0,0.0,1.0,0.0,0.0,0.6849,0.0,0.6623,0.6623,0.0,0.0,1.0,0.0,2,4,3,4,India,AS133982,0.2181,0.0,0.000781,mixer,1
3n3hVqLvMnL9haHRtrh4HLWNqsf1LbYqbb,1,0,1,1.0,0,3,0.0,0.1458319,-0.1458319,0.0,0.0,0.0,0.0,0.0,0.0,0.0,0.0,0.0,0.0,0.0,0.0,0.0,0.0,0.0,30.0,0.0,0.0,0.0,0.0,0.0,3,2,2,2,Australia,AS13335,0.0,0.0,0.000642,normal,0
3n5zUQWvhYnMtYe5mfMe3zgQkyR1GWXa,1,0,1,1.0,0,1,0.0,2.315159,-2.315159,0.0,0.0,0.0,0.0,0.0,0.0,0.0,0.0,0.0,0.0,0.0,0.0,0.0,0.0,0.0,10.0,0.0,0.0,0.0,0.0,0.0,1,2,1,2,Nigeria,AS36873,0.0,0.0,0.000642,peel_chain,1
3nP9hJegng1yMa3tT9hn3woUVAHU,1,1,0,0.0,1,0,0.97126904,0.0,0.97126904,0.0,0.0,0.0,0.0,0.0,0.0,0.0,0.0,0.0,0.0,0.0,0.0,0.0,0.0,0.0,0.0,10.0,0.0,0.0,0.0,0.0,1,2,2,2,China,AS12389,0.0,0.0,0.001089,normal,0
3nTiy6rvJXvz21fPrsFQto9kZqWZ,9,6,3,0.5,6,3,8.34310314,6.87285935,1.47024379,0.8238,3277.57,2943.81,0.16,8046.97,0.16,437.01,0.175,0.175,0.175,0.175,0.0,0.0,0.0019,1.5086,0.0069,0.0137,0.0,0.0,0.0,0.0,9,18,7,13,Singapore,AS13335,0.546,0.00895,0.005748,normal,0
3nv653CCLJpgGhzzkju1JpnQQaf,2,1,1,1.0,1,1,0.84717972,0.84717972,0.0,1.0,4.12,4.12,4.12,4.12,4.12,0.07,1.0,1.0,1.0,1.0,0.0462,4.62,8.3333,1.9531,5.8824,5.8824,1.0,0.0,1.0,1.0,2,4,3,4,China,AS3216,0.0,1.1e-05,0.001652,peel_chain,1
3ooJavP7zv84wWs5sHkveR2sLmkixMi8,2,1,1,1.0,1,1,0.60928743,10.16640827,-9.55712084,0.0599,0.7,0.7,0.7,0.7,0.7,0.01,1.0,1.0,1.0,1.0,0.0,0.0,0.9983,5.8824,9.0909,9.0909,1.0,0.0,0.0,1.0,2,4,3,4,China,AS12714,0.0,0.001535,0.002332,normal,0
3pEw8qYEpEs2TBsoWUEbPcBGYcEV,2,1,1,1.0,1,1,5.88227811,1.21572319,4.66655492,0.2067,51.99,51.99,51.99,51.99,51.99,0.87,0.0,0.0,0.2067,0.2067,0.0,0.0,0.2247,0.0,1.0309,1.0309,0.0,0.0,0.0,0.0,2,4,4,4,Australia,AS13285,0.2181,0.001789,0.001911,normal,0
3pW6fB9KFGEkxJi1eh47JQWthK7vJcD8,2,1,1,1.0,1,1,4.4360115,4.4360115,0.0,1.0,7.62,7.62,7.62,7.62,7.62,0.13,1.0,1.0,1.0,1.0,0.0498,4.98,5.5556,1.1601,4.3478,4.3478,1.0,0.0,1.0,1.0,2,4,4,4,Australia,AS2856,0.0,1.7e-05,0.001652,peel_chain,1
3ptTXXXAETXtw9nD8TgxL3JfgYxtVtHeWQ,5,2,3,1.5,2,3,14.24105417,10.86492785,3.37612632,0.7629,9032.52,6310.08,0.95,23508.97,0.95,602.17,0.2523,0.2523,0.2523,0.2523,0.0,0.0,0.0013,1.2938,0.005,0.0033,0.0,0.0,0.0,0.0,5,10,4,8,Australia,AS1221,0.3319,0.002729,0.001502,normal,0
3qrbV2GpCFPj1wzGRYXkEfkXWX4AD6,4,3,1,0.3333333333333333,3,1,8.03707274,7.78973402,0.24733872,0.9692,6540.94,4252.85,1.56,15368.41,1.56,327.05,0.3172,0.3172,0.3172,0.3172,0.0,0.0,0.003,1.2391,0.0031,0.0092,0.0,0.0,0.0,0.0,4,8,6,6,Brazil,AS1221,0.3272,3e-06,0.00172,normal,0
3rRCCunLfhybLaxcRATn3D1DEdEjxLjCBz,1,0,1,1.0,0,1,0.0,0.929882,-0.929882,0.0,0.0,0.0,0.0,0.0,0.0,0.0,0.0,0.0,0.0,0.0,0.0,0.0,0.0,0.0,10.0,0.0,0.0,0.0,0.0,0.0,1,2,1,1,China,AS4837,0.0,0.0,0.000642,peel_chain,1
3rwfQLmEahPZmdYeGKc49mEENXMr9W,1,0,1,1.0,0,1,0.0,1.0736208,-1.0736208,0.0,0.0,0.0,0.0,0.0,0.0,0.0,0.0,0.0,0.0,0.0,0.0,0.0,0.0,0.0,10.0,0.0,0.0,0.0,0.0,0.0,1,2,2,2,India,AS2856,0.0,0.0,0.000642,normal,0
3s8vWVJAAnznko17KwB8dk8uG6b,1,1,0,0.0,1,0,10.17673976,0.0,10.17673976,0.0,0.0,0.0,0.0,0.0,0.0,0.0,0.0,0.0,0.0,0.0,0.0,0.0,0.0,0.0,0.0,10.0,0.0,0.0,0.0,0.0,1,2,2,2,Australia,AS7545,0.0,0.0,0.00179,normal,0
3ssni2V6qzzUtxUYFAwh7z2vKPHi,2,1,1,1.0,1,1,0.55432167,0.55432167,0.0,1.0,54.16,54.16,54.16,54.16,54.16,0.9,0.0,0.0,1.0,1.0,0.0,0.0,1.0526,0.0,1.0,1.0,0.0,0.0,1.0,0.0,2,4,3,4,United States,AS12389,0.0,3e-06,0.000657,mixer,1
3tyxu6tEdJbgYN6FGQzNE9MR8QW,1,1,0,0.0,2,0,9.97256754,0.0,9.97256754,0.0,0.0,0.0,0.0,0.0,0.0,0.0,0.0,0.0,0.0,0.0,0.0,0.0,0.0,0.0,0.0,20.0,0.0,0.0,0.0,0.0,2,2,2,2,Nigeria,AS29465,0.0,0.0,0.003237,normal,0
3uD73MrEtbB6mexKpF62jDecnhRYXWLiN,7,3,4,1.3333333333333333,3,5,9.57181688,18.05436215,-8.48254527,0.5302,5588.89,5474.8,1.65,12382.48,1.65,558.89,0.4964,0.4964,0.6955,0.6955,0.0,0.0,0.0009,1.8732,0.0089,0.0054,0.0,0.0,0.0,0.0,8,14,7,9,Australia,AS13335,0.55,0.003942,0.003825,normal,0
3uLbNqsE2hRrw1UGXyzAKGQvTb4iyo,4,2,2,1.0,2,4,7.42209016,11.40068817,-3.97859801,0.651,407.05,55.52,1.28,1164.34,1.28,20.35,0.1937,0.1937,0.9331,0.9331,0.0,0.0,0.0319,0.8496,0.1956,0.0978,0.0,0.0,0.0,0.0,6,8,7,7,United Kingdom,AS16509,0.3272,0.003541,0.001022,normal,0
3uXCdnNUar8F3HSJv9cZp9jM87jTrs,2,1,1,1.0,1,1,2.08060215,2.08060215,0.0,1.0,70.16,70.16,70.16,70.16,70.16,1.17,0.0,0.0,0.0,1.0,0.0,0.0,0.8197,0.0,0.7874,0.7874,0.0,0.0,1.0,0.0,2,4,4,4,India,AS12389,0.2181,0.0,0.000713,mixer,1
3uYDgCkztef2ku6hEd9zXDQ6ih9UHE6,3,2,1,0.5,2,1,3.55594187,2.36970878,1.18623309,0.6664,15753.51,15753.51,15748.46,15758.56,0.0,525.12,0.0,0.0,0.0,0.0,0.0,0.0,0.0013,0.0,0.0019,0.0038,0.0,0.0,0.0,0.0,3,6,6,6,Australia,AS18881,0.3457,0.00061,0.001919,normal,0
3v2DFdJ2jYPUaqnGSJFy1t3HQr,6,3,3,1.0,3,3,2.71733253,10.48295054,-7.76561801,0.2592,3437.58,2107.51,491.37,7097.23,491.37,286.46,0.0,0.0,0.0,0.0,0.0,0.0,0.0009,0.0,0.0105,0.0105,0.0,0.0,0.0,0.0,6,12,6,11,Germany,AS17547,0.4911,0.00374,0.001205,normal,0
3vNFfSYNubqG8Nuh88YQnhKa13cDNwJ,1,1,0,0.0,2,0,6.38922535,0.0,6.38922535,0.0,0.0,0.0,0.0,0.0,0.0,0.0,0.0,0.0,0.0,0.0,0.0,0.0,0.0,0.0,0.0,20.0,0.0,0.0,0.0,0.0,2,2,2,2,Germany,AS3209,0.0,0.0,0.001314,normal,0
3vdYySaNs6AWEVFs7XhMv7jmzLiCph,3,2,1,0.5,2,3,2.62027167,3.39503146,-0.77475979,0.7718,216.96,216.96,10.92,423.0,10.92,7.23,0.0,0.9385,0.9385,0.9385,0.0,0.0,0.106,0.7873,0.4093,0.2729,0.0,0.0,0.0,1.0,5,6,5,6,Singapore,AS3320,0.2003,0.003376,0.00195,normal,0
3w4t8U3wbg5DhuRF2FiTRXVbDb5uYx,1,1,0,0.0,1,0,2.27265572,0.0,2.27265572,0.0,0.0,0.0,0.0,0.0,0.0,0.0,0.0,0.0,0.0,0.0,0.0,0.0,0.0,0.0,0.0,10.0,0.0,0.0,0.0,0.0,1,2,1,2,Germany,AS24940,0.0,0.0,0.000736,normal,0
3wvET9e7dw29AUp4ioyKGoYd4t,2,1,1,1.0,1,1,7.49572409,7.49572409,0.0,1.0,6.56,6.56,6.56,6.56,6.56,0.11,1.0,1.0,1.0,1.0,0.0211,2.11,6.25,1.3228,4.7619,4.7619,1.0,0.0,1.0,1.0,2,4,4,4,Brazil,AS12714,0.0,6e-06,0.001652,rapid_cashout,1
3xgKvwPYHupNoS3uCWwAxY14fmsR7,1,0,1,1.0,0,1,0.0,2.302609,-2.302609,0.0,0.0,0.0,0.0,0.0,0.0,0.0,0.0,0.0,0.0,0.0,0.0,0.0,0.0,0.0,10.0,0.0,0.0,0.0,0.0,0.0,1,2,2,2,Nigeria,AS37075,0.0,0.0,0.000642,peel_chain,1
3y9oo8HSH4kfXfbVqkxiEYhDfoAvaueyd,1,1,0,0.0,1,0,0.81010726,0.0,0.81010726,0.0,0.0,0.0,0.0,0.0,0.0,0.0,0.0,0.0,0.0,0.0,0.0,0.0,0.0,0.0,0.0,10.0,0.0,0.0,0.0,0.0,1,2,2,2,Singapore,AS7018,0.0,0.0,0.000778,normal,0
3yebWXNvesUVPf4EC9cj7CVae1kp,2,1,1,1.0,1,1,0.26647399,0.26647399,0.0,1.0,35.59,35.59,35.59,35.59,35.59,0.59,0.0,0.0,1.0,1.0,0.0,0.0,1.5625,0.0,1.4493,1.4493,0.0,0.0,1.0,0.0,2,4,4,4,Brazil,AS12714,0.2181,3e-06,0.000656,mixer,1
3yt2WtZXX6PET5tgYmVnpu8PMJXSXRmdu,3,1,2,2.0,1,2,0.23570142,1.1951558,-0.95945438,0.1972,10823.58,10823.58,766.31,20880.85,766.31,360.79,0.0,0.0,0.0,0.0,0.0,0.0,0.0005,0.0,0.0055,0.0028,0.0,0.0,0.0,0.0,3,6,4,6,Germany,AS12389,0.3457,0.00433,0.000907,normal,0
3zbJ16jZToEt67FfpwKKnS9mX8pnS7h,1,1,0,0.0,1,0,4.73696756,0.0,4.73696756,0.0,0.0,0.0,0.0,0.0,0.0,0.0,0.0,0.0,0.0,0.0,0.0,0.0,0.0,0.0,0.0,10.0,0.0,0.0,0.0,0.0,1,2,2,2,China,AS4837,0.0,0.0,0.002383,rapid_cashout,1
bc1q03zj4ynqevsgmf37f4axlshxzmth9302eaf8xa,2,1,1,1.0,1,1,12.09144973,3.68025278,8.41119695,0.3044,13975.17,13975.17,13975.17,13975.17,0.0,232.92,0.0,0.0,0.0,0.0,0.0,0.0,0.0013,0.0,0.0043,0.0043,0.0,0.0,0.0,0.0,2,4,4,4,Australia,AS133982,0.2181,0.0,0.003046,normal,0
bc1q0ms4qhk8nwh79xac5dujzpur02kkc50qqaa9xm,1,1,0,0.0,1,0,1.87102106,0.0,1.87102106,0.0,0.0,0.0,0.0,0.0,0.0,0.0,0.0,0.0,0.0,0.0,0.0,0.0,0.0,0.0,0.0,10.0,0.0,0.0,0.0,0.0,1,2,1,2,Germany,AS24940,0.0,0.0,0.000719,normal,0
bc1q20fq8xthsdwjn9yffad5rg7tsxlzjzymvxa6lwck03jm9s84ttxg3985r2,8,4,4,1.0,6,4,20.700477,8.71798396,11.98249304,0.4211,4354.85,3309.14,0.36,11107.22,0.36,508.07,0.0695,0.0695,0.2096,0.2096,0.0,0.0,0.0008,0.511,0.0079,0.0118,0.0,0.0,0.0,0.0,10,16,7,12,India,AS133982,0.5998,0.003518,0.004471,normal,0
bc1q20yguf0m9daym58h9vca49ywv0ultx44zwq6sm,3,1,2,2.0,3,2,27.26948629,12.04254293,15.22694336,0.4416,2121.37,2121.37,1.28,4241.46,1.28,70.71,0.2379,0.2379,0.2379,0.2379,0.0,0.0,0.0062,1.0434,0.0282,0.0424,0.0,0.0,0.0,0.0,5,6,6,6,China,AS13285,0.2003,0.000592,0.003614,normal,0
bc1q25h4ejp9r8zddfqy597fdwdgsy4hjmv9wen6eg,3,1,2,2.0,1,2,4.16915042,4.36072803,-0.19157761,0.9561,5718.36,5718.36,31.87,11404.85,31.87,190.61,0.0,0.0,0.6092,0.6092,0.0,0.0,0.005,0.0,0.0105,0.0052,0.0,0.0,0.0,0.0,3,6,4,6,Australia,AS1221,0.3457,0.000661,0.000742,normal,0
bc1q2f3ll8akyz34jv97h8t634glh43qv9kzufdnmh,2,1,1,1.0,1,1,12.629873,12.629873,0.0,1.0,8.74,8.74,8.74,8.74,8.74,0.15,1.0,1.0,1.0,1.0,0.0255,2.55,5.0,1.0267,4.0,4.0,1.0,0.0,1.0,1.0,2,4,3,4,Russia,AS12389,0.0,9e-06,0.002047,rapid_cashout,1
bc1q2h08csd00xpd2ftx46fqtdvdr256sc4rk9mdaj,1,1,0,0.0,2,0,4.89722201,0.0,4.89722201,0.0,0.0,0.0,0.0,0.0,0.0,0.0,0.0,0.0,0.0,0.0,0.0,0.0,0.0,0.0,0.0,20.0,0.0,0.0,0.0,0.0,2,2,1,2,Nigeria,AS29465,0.0,0.0,0.001751,normal,0
bc1q2h7kxhgjcnl6ftfkyppf75crqf027gmrz0j4ye,6,4,2,0.5,5,2,20.20559821,9.73325771,10.4723405,0.4817,3341.15,3596.87,265.97,5604.0,5604.0,278.43,0.0,0.0,0.0,0.0,0.0,0.0,0.0017,0.0,0.0072,0.018,0.0,0.0,0.0,0.0,7,12,7,10,India,AS1221,0.5638,0.00088,0.002922,normal,0
bc1q2pqypmf0as9yyf2nu0uss40gl8v0kwa4mu6w6a,1,1,0,0.0,3,0,13.8770943,0.0,13.8770943,0.0,0.0,0.0,0.0,0.0,0.0,0.0,0.0,0.0,0.0,0.0,0.0,0.0,0.0,0.0,0.0,30.0,0.0,0.0,0.0,0.0,3,2,2,2,China,AS4657,0.0,0.0,0.003399,normal,0
bc1q2qquk2pe30vmyrutyqjal62gt09jggwf53rmkn,3,2,1,0.5,2,1,9.48585149,0.6093866,8.87646489,0.0642,5732.33,5732.33,54.98,11409.67,54.98,191.08,0.0,0.0,0.0642,0.0642,0.0,0.0,0.0003,0.0,0.0052,0.0105,0.0,0.0,0.0,0.0,3,6,3,5,China,AS29465,0.3457,0.001313,0.001988,normal,0
bc1q2wp6rwxynpth45a46plf4xfhxurgypxpnlfzfn,3,3,0,0.0,3,0,5.17003998,0.0,5.17003998,0.0,4.64,4.64,0.64,8.63,0.0,0.15,0.0,0.0,0.0,0.0,0.0,0.0,0.0,0.0,0.0,12.0,0.0,0.0,0.0,0.0,3,6,4,6,India,AS25513,0.0,0.0,0.002555,mixer,1
bc1q2yjvf7z4sxu4wxjjzgvamcadkm2uzvum5tn7j7,4,3,1,0.3333333333333333,3,1,11.80392978,0.74741585,11.05651393,0.0633,5919.15,2002.98,35.29,15719.17,35.29,295.96,0.0,0.0,0.0633,0.0633,0.0,0.0,0.0002,0.0,0.0034,0.0101,0.0,0.0,0.0,0.0,4,8,5,7,Russia,AS12389,0.3272,0.001245,0.002511,normal,0
bc1q387nfesr3plmtxlrlhqaldmw2cv6j4gcvmf3sua6cylcdeyqx3mpq7rwr6,3,1,2,2.0,1,2,0.29159486,4.55008949,-4.25849463,0.0641,4339.89,4339.89,36.22,8643.56,36.22,144.66,0.0,0.0,1.0,1.0,0.0,0.0,0.0004,0.0,0.0138,0.0069,0.0,0.0,0.0,0.0,3,6,6,6,Australia,AS1221,0.0,0.000105,0.001384,normal,0
bc1q3f5f4fpgnsvm8dlh2929ud778rt2gk6lazy773,2,0,2,2.0,0,4,0.0,5.5269171,-5.5269171,0.0,36003.73,36003.73,36003.73,36003.73,0.0,600.06,0.0,0.0,0.0,0.0,0.0,0.0,0.0,0.0,0.0067,0.0,0.0,0.0,0.0,0.0,4,4,3,3,Nigeria,AS13285,0.0,0.0,0.000642,normal,0
bc1q3njuc84pxgex6kscrjqyqh40gqfc3dvswe5vhw0sdddqxlxp3s7xupwzej,1,1,0,0.0,1,0,0.41442979,0.0,0.41442979,0.0,0.0,0.0,0.0,0.0,0.0,0.0,0.0,0.0,0.0,0.0,0.0,0.0,0.0,0.0,0.0,10.0,0.0,0.0,0.0,0.0,1,2,2,2,China,AS4657,0.0,0.0,0.000662,normal,0
bc1q3qzz8dnzseuk3kc0prfq5gkg2uc6yvylaz427z,3,1,2,2.0,1,3,0.8108852,9.65113789,-8.84025269,0.084,17819.68,17819.68,2511.01,33128.35,0.0,593.99,0.0,0.0,0.0,0.0,0.0,0.0,0.0001,0.0,0.005,0.0017,0.0,0.0,0.0,0.0,4,6,4,5,United Kingdom,AS13285,0.2003,0.00337,0.001714,normal,0
bc1q3rrc6t6ph3lr6cflwt6wlc8ejtk59yxxptg32k,2,1,1,1.0,1,1,2.12670874,2.12670874,0.0,1.0,6.12,6.12,6.12,6.12,6.12,0.1,1.0,1.0,1.0,1.0,0.0466,4.66,6.6667,1.4045,5.0,5.0,1.0,0.0,1.0,1.0,2,4,4,4,India,AS36873,0.0,1.7e-05,0.001652,peel_chain,1
bc1q3stgqma8ct8sf4nzdwu2zfavxktq9zpeza8z2s,2,1,1,1.0,1,1,11.28926595,11.28926595,0.0,1.0,7.12,7.12,7.12,7.12,7.12,0.12,1.0,1.0,1.0,1.0,0.0348,3.48,5.8824,1.2315,4.5455,4.5455,1.0,0.0,1.0,1.0,2,4,4,4,Australia,AS12714,0.2181,9e-06,0.001188,rapid_cashout,1
bc1q4ndazpzu3vffmxjzwh2gffyxnfqum9he08tza4,1,0,1,1.0,0,1,0.0,11.566951,-11.566951,0.0,0.0,0.0,0.0,0.0,0.0,0.0,0.0,0.0,0.0,0.0,0.0,0.0,0.0,0.0,10.0,0.0,0.0,0.0,0.0,0.0,1,2,2,2,India,AS5089,0.0,0.0,0.000642,rapid_cashout,1
bc1q4u90tu4jt2q4w2ygd7ynw0xqwud3v9cnfnjmpx,3,1,2,2.0,1,4,9.96283643,20.35051115,-10.38767472,0.4896,18409.01,18409.01,219.23,36598.79,219.23,613.63,0.0,0.0,0.0,0.0,0.0,0.0,0.0008,0.0,0.0065,0.0016,0.0,0.0,0.0,0.0,5,6,4,5,United Kingdom,AS16509,0.3457,2.3e-05,0.001402,normal,0
bc1q4y9822h5x7hq93u7afpus76nlksmpyc0ep2fhd,2,2,0,0.0,2,0,2.21154303,0.0,2.21154303,0.0,17548.36,17548.36,17548.36,17548.36,0.0,292.47,0.0,0.0,0.0,0.0,0.0,0.0,0.0,0.0,0.0,0.0068,0.0,0.0,0.0,0.0,2,4,3,4,Australia,AS13335,0.2181,0.0,0.001384,normal,0
bc1q535dwrjh65m675a44r27s6q5z55rk5qazfnprh,2,1,1,1.0,2,2,3.73175287,6.94002991,-3.20827704,0.5377,6489.46,6489.46,6489.46,6489.46,6489.46,108.16,0.0,0.0,0.0,0.0,0.0,0.0,0.005,0.0,0.0185,0.0185,0.0,0.0,0.0,0.0,4,4,3,4,Nigeria,AS16509,0.2181,0.009511,0.001487,normal,0
bc1q596xd80dq98a2svckat7c0gnd5mkgedm0huazsknj3p3aqv6ygwdmr829v,2,1,1,1.0,1,1,1.17834439,1.17834439,0.0,1.0,70.7,70.7,70.7,70.7,70.7,1.18,0.0,0.0,0.0,1.0,0.0,0.0,0.813,0.0,0.7812,0.7812,0.0,0.0,1.0,0.0,2,4,3,4,India,AS3216,0.2181,0.0,0.000708,mixer,1
bc1q5cnxshs63xhvjstrw3h7rlth8pe565830htrnq,2,2,0,0.0,2,0,4.3697779,0.0,4.3697779,0.0,2416.26,2416.26,2416.26,2416.26,0.0,40.27,0.0,0.0,0.0,0.0,0.0,0.0,0.0,0.0,0.0,0.0495,0.0,0.0,0.0,0.0,2,4,3,4,India,AS2856,0.2181,0.0,0.001067,normal,0
bc1q5ecga0mfy2thwdvdcv7telcqkxkft2e23xxsmr820h0lp4ka0gnvr5gtar,2,1,1,1.0,1,1,2.72917876,2.72917876,0.0,1.0,48.51,48.51,48.51,48.51,48.51,0.81,0.0,0.0,1.0,1.0,0.0,0.0,1.1628,0.0,1.0989,1.0989,0.0,0.0,1.0,0.0,2,4,4,4,Brazil,AS13285,0.2181,0.0,0.000781,mixer,1
bc1q5n0agy3r2wadtkrd9qx6wrnfa9sjyr9scl82dy,3,3,0,0.0,3,0,9.7168116,0.0,9.7168116,0.0,15231.29,15231.29,3770.04,26692.54,0.0,507.71,0.0,0.0,0.0,0.0,0.0,0.0,0.0,0.0,0.0,0.0059,0.0,0.0,0.0,0.0,3,6,6,6,Australia,AS133982,0.3457,0.0,0.002819,normal,0
bc1q5rsenvrtsq0hwywqz9dxrc9m9vtuzrnldqg2yv,1,1,0,0.0,1,0,0.01386276,0.0,0.01386276,0.0,0.0,0.0,0.0,0.0,0.0,0.0,0.0,0.0,0.0,0.0,0.0,0.0,0.0,0.0,0.0,10.0,0.0,0.0,0.0,0.0,1,2,2,2,Australia,AS13335,0.0,0.0,0.000643,normal,0
bc1q5u5tc50wmgznqa7a3q9e2hl6egf4uvy33jfc7z,2,1,1,1.0,1,1,2.58635732,2.58635732,0.0,1.0,3.01,3.01,3.01,3.01,3.01,0.05,1.0,1.0,1.0,1.0,0.0385,3.85,10.0,2.4938,6.6667,6.6667,1.0,0.0,1.0,1.0,2,4,3,4,India,AS133982,0.0,6e-06,0.001652,rapid_cashout,1
bc1q63heu0g0v4eh6al3aj4zdm9g2w2ug7d60hp78z,5,2,3,1.5,2,3,5.11887918,5.95370683,-0.83482765,0.8598,3270.52,3324.86,426.94,6005.44,426.94,218.03,0.0,0.0,0.0,0.0,0.0,0.0,0.0039,0.0,0.0138,0.0092,0.0,0.0,0.0,0.0,5,10,7,10,Germany,AS13335,0.5064,0.001478,0.002283,normal,0
bc1q6flvtccmpv8424f7aqzvdgfj6sacht3s9l2lw6,4,4,0,0.0,4,0,7.76144407,0.0,7.76144407,0.0,8.64,7.24,3.72,14.95,0.0,0.43,0.0,0.0,0.0,0.0,0.0,0.0,0.0,0.0,0.0,7.5472,0.0,1.0,0.0,0.0,4,8,5,6,China,AS133982,0.0,0.0,0.00309,mixer,1
bc1q6j062ygxvgq2pxcvkfslj058gq26cp4d9ng5ep,2,1,1,1.0,1,1,7.7869487,7.7869487,0.0,1.0,5.02,5.02,5.02,5.02,5.02,0.08,1.0,1.0,1.0,1.0,0.0374,3.74,7.6923,1.6611,5.5556,5.5556,1.0,0.0,1.0,1.0,2,4,4,4,Brazil,AS133982,0.0,6e-06,0.001188,rapid_cashout,1
bc1q6lxzy6gepz4a35qah87zl9thcgwwwd54f9da8w,1,1,0,0.0,3,0,6.34945135,0.0,6.34945135,0.0,0.0,0.0,0.0,0.0,0.0,0.0,0.0,0.0,0.0,0.0,0.0,0.0,0.0,0.0,0.0,30.0,0.0,0.0,0.0,0.0,3,2,2,2,China,AS36873,0.0,0.0,0.003796,normal,0
bc1q6lz5pklsntavc4p5223vgm7nyz4af54ykz352y,2,1,1,1.0,1,1,4.60535265,4.60535265,0.0,1.0,6.39,6.39,6.39,6.39,6.39,0.11,1.0,1.0,1.0,1.0,0.0558,5.58,6.25,1.3532,4.7619,4.7619,1.0,0.0,1.0,1.0,2,4,3,4,United Kingdom,AS2856,0.0,2.6e-05,0.002047,peel_chain,1
bc1q6qc5avjusxd6gf74vfduhz5ctyhavfl6qzks5h9tkx97w69p9cgud5nm9f,2,1,1,1.0,1,1,9.84165534,9.84165534,0.0,1.0,77.0,77.0,77.0,77.0,77.0,1.28,0.0,0.0,0.0,1.0,0.0,0.0,0.7519,0.0,0.7246,0.7246,0.0,0.0,1.0,0.0,2,4,3,4,Nigeria,AS12389,0.2181,0.0,0.000914,mixer,1
bc1q78lm7lhzylcsyydcsl6rv55k6ydckd8s25jdwg6ye4kh4lyuyueea9u8jn,4,3,1,0.3333333333333333,4,1,6.53854432,2.29082085,4.24772347,0.3504,6569.07,7736.0,34.86,11936.35,34.86,328.45,0.0,0.0,0.0291,0.0291,0.0,0.0,0.0011,0.0,0.003,0.0122,0.0,0.0,0.0,0.0,5,8,4,6,China,AS13335,0.4362,0.000667,0.003139,normal,0
bc1q7erycej56hudj00mnt8q8m3cscxnr840tcf870,2,1,1,1.0,1,1,7.46553006,1.49944012,5.96608994,0.2008,0.16,0.16,0.16,0.16,0.16,0.0,0.2008,0.2008,0.2008,0.2008,0.0,0.0,4.016,1.731,10.0,10.0,0.0,0.0,0.0,0.0,2,4,3,4,Brazil,AS18881,0.0,0.0,0.001087,normal,0
bc1q7fh65hyxyqlnnnn8qzcym059v098dla784xx97wnkmudcn6hv7j35kprwu,2,1,1,1.0,1,1,7.0300058,7.0300058,0.0,1.0,11.61,11.61,11.61,11.61,11.61,0.19,0.0,1.0,1.0,1.0,0.0759,7.59,4.1667,0.793,3.4483,3.4483,1.0,0.0,1.0,1.0,2,4,4,4,Germany,AS2856,0.0,6e-06,0.001188,peel_chain,1
bc1q7gxrcavadt3rm6wyuryqkjnatgfxjkwrfl5tqmn8406r3v7jy2nmpqavpp,7,3,4,1.3333333333333333,3,6,9.02564032,9.22783529,-0.20219497,0.9781,4114.37,2445.73,2.06,11725.57,2.06,411.44,0.3783,0.3783,0.3783,0.3783,0.0,0.0,0.0024,1.2363,0.0146,0.0073,0.0,0.0,0.0,0.0,9,14,7,10,Australia,AS1221,0.3007,0.018194,0.003266,normal,0
bc1q82vyhs4m4djdfnwy5j4xykuadac5j9z3h96yq2,1,0,1,1.0,0,1,0.0,7.581025,-7.581025,0.0,0.0,0.0,0.0,0.0,0.0,0.0,0.0,0.0,0.0,0.0,0.0,0.0,0.0,0.0,10.0,0.0,0.0,0.0,0.0,0.0,1,2,2,2,United Kingdom,AS2856,0.0,0.0,0.000642,peel_chain,1
bc1q8chqmhg00ay8ym0sem7lx74x6rswum65j87fw4,5,1,4,4.0,1,4,16.13314903,10.56180253,5.5713465,0.6547,7891.78,7827.79,1569.74,14341.79,0.0,526.12,0.0,0.0,0.0,0.0,0.0,0.0,0.0012,0.0,0.0076,0.0019,0.0,0.0,0.0,0.0,5,10,8,9,Brazil,AS12389,0.5064,0.0,0.002087,normal,0
bc1q8g3fwl702l09zdfaw539ccxs2srfnjy9cemn97,2,1,1,1.0,1,1,1.08058386,1.08058386,0.0,1.0,53.31,53.31,53.31,53.31,53.31,0.89,0.0,0.0,1.0,1.0,0.0,0.0,1.0638,0.0,1.0101,1.0101,0.0,0.0,1.0,0.0,2,4,3,4,United States,AS25513,0.2181,0.0,0.000697,mixer,1
bc1q8q79agvjxs0rau2uukhy9z459hphqy4g7lx435,2,1,1,1.0,1,1,2.94208939,6.31440012,-3.37231073,0.4659,19233.03,19233.03,19233.03,19233.03,0.0,320.55,0.0,0.0,0.0,0.0,0.0,0.0,0.0015,0.0,0.0031,0.0031,0.0,0.0,0.0,0.0,2,4,4,4,China,AS2856,0.2181,0.0,0.000764,normal,0
bc1q8r6a5zme3esgam45u0cympyads8xnj4hzrqp4v,1,1,0,0.0,1,0,0.16875536,0.0,0.16875536,0.0,0.0,0.0,0.0,0.0,0.0,0.0,0.0,0.0,0.0,0.0,0.0,0.0,0.0,0.0,0.0,10.0,0.0,0.0,0.0,0.0,1,2,2,2,Germany,AS2856,0.0,0.0,0.000657,normal,0
bc1q8vr0jneg0mv54wqwlgrqxtsvxqzck0jlyudkr7xyxnrmqa9lztx7xdp3ax,2,1,1,1.0,1,1,0.68210789,4.88462196,-4.20251407,0.1396,46.25,46.25,46.25,46.25,46.25,0.77,0.0,0.0,1.0,1.0,0.0,0.0,0.1702,0.0,1.1494,1.1494,0.0,0.0,0.0,0.0,2,4,4,4,Brazil,AS2856,0.2181,0.000216,0.000747,normal,0
bc1q8zarqft7w48rq0q3v7szcqcc7e2wu79zn3f8vk,1,0,1,1.0,0,3,0.0,2.79538916,-2.79538916,0.0,0.0,0.0,0.0,0.0,0.0,0.0,0.0,0.0,0.0,0.0,0.0,0.0,0.0,0.0,30.0,0.0,0.0,0.0,0.0,0.0,3,2,2,2,China,AS13285,0.0,0.0,0.000642,normal,0
bc1q93wpwvfyaxla4c0kukaflku0mzw2e6p8xpemq4,1,1,0,0.0,1,0,0.37675267,0.0,0.37675267,0.0,0.0,0.0,0.0,0.0,0.0,0.0,0.0,0.0,0.0,0.0,0.0,0.0,0.0,0.0,0.0,10.0,0.0,0.0,0.0,0.0,1,2,2,2,Singapore,AS7018,0.0,0.0,0.000705,normal,0
bc1q9d0ufsskuf4un0rxjeyc39cnk62zxspaffe2f2,2,2,0,0.0,2,0,1.22258235,0.0,1.22258235,0.0,23093.02,23093.02,23093.02,23093.02,0.0,384.88,0.0,0.0,0.0,0.0,0.0,0.0,0.0,0.0,0.0,0.0052,0.0,0.0,0.0,0.0,2,4,3,4,Russia,AS25513,0.0,0.0,0.000691,normal,0
bc1q9fhrykkfxldcrq0dxp4j0apfqrrnjx4qyhgjtmcnsz6csk79cqhaam0k94,1,0,1,1.0,0,1,0.0,4.423408,-4.423408,0.0,0.0,0.0,0.0,0.0,0.0,0.0,0.0,0.0,0.0,0.0,0.0,0.0,0.0,0.0,10.0,0.0,0.0,0.0,0.0,0.0,1,2,2,2,Nigeria,AS37075,0.0,0.0,0.000642,peel_chain,1
bc1q9jr2madpj24j884e59nfc9dz4nq42xh83mpjm8,2,1,1,1.0,1,1,0.40738308,0.40738308,0.0,1.0,50.45,50.45,50.45,50.45,50.45,0.84,0.0,0.0,1.0,1.0,0.0,0.0,1.1236,0.0,1.0638,1.0638,0.0,0.0,1.0,0.0,2,4,4,4,Germany,AS29465,0.2181,0.0,0.000656,mixer,1
bc1q9rvd3nr9f9mxtut9ntvt9j9a2njhffc0acdxw3,4,1,3,3.0,1,3,10.16621387,19.73126009,-9.56504622,0.5152,6577.25,2672.36,1972.19,15087.19,2672.36,328.86,0.0,0.0,0.0,0.0,0.0,0.0,0.0016,0.0,0.0091,0.003,0.0,0.0,0.0,0.0,4,8,6,7,Australia,AS12714,0.4362,0.001758,0.002625,normal,0
bc1q9y2elfe3xjs6w2ym8vzp3rs9cepye28ucjv9fe,1,1,0,0.0,1,0,0.8614833,0.0,0.8614833,0.0,0.0,0.0,0.0,0.0,0.0,0.0,0.0,0.0,0.0,0.0,0.0,0.0,0.0,0.0,0.0,10.0,0.0,0.0,0.0,0.0,1,2,2,2,Nigeria,AS36873,0.0,0.0,0.000728,normal,0
bc1qa02e4ghl7m55jphxkcnxxx47ttff6r0ldt6dl2,2,1,1,1.0,1,1,0.0988798,0.0988798,0.0,1.0,43.82,43.82,43.82,43.82,43.82,0.73,0.0,0.0,1.0,1.0,0.0,0.0,1.2821,0.0,1.2048,1.2048,0.0,0.0,1.0,0.0,2,4,4,4,Australia,AS133982,0.0,0.0,0.000645,mixer,1
bc1qa8q7r90nfvamz2mwdjyxcr0zvw2lz202wpr84qc6v54j4ycggah8glp2za,1,1,0,0.0,1,0,5.8865965,0.0,5.8865965,0.0,0.0,0.0,0.0,0.0,0.0,0.0,0.0,0.0,0.0,0.0,0.0,0.0,0.0,0.0,0.0,10.0,0.0,0.0,0.0,0.0,1,2,2,2,Germany,AS3320,0.0,0.0,0.001066,normal,0
bc1qa99azywevvutjl00frhffzl9egu5zkg4ul0hm4,1,0,1,1.0,0,1,0.0,7.59850918,-7.59850918,0.0,0.0,0.0,0.0,0.0,0.0,0.0,0.0,0.0,0.0,0.0,0.0,0.0,0.0,0.0,10.0,0.0,0.0,0.0,0.0,0.0,1,2,2,2,Russia,AS12714,0.0,0.0,0.000642,normal,0
bc1qamhpyx24s29a2tch5knx838lffxk2taegr4vl6,2,1,1,1.0,1,1,4.5697851,4.5697851,0.0,1.0,15.66,15.66,15.66,15.66,15.66,0.26,0.0,1.0,1.0,1.0,0.0293,2.93,3.2258,0.6002,2.7778,2.7778,1.0,0.0,1.0,0.0,2,4,4,4,Australia,AS24940,0.0,1.1e-05,0.001188,peel_chain,1
bc1qapqtd5w6434dp3dju86hm7m4lkj7p7hz6p5a8p,3,3,0,0.0,3,0,7.2550586,0.0,7.2550586,0.0,14175.7,14175.7,6159.24,22192.16,0.0,472.52,0.0,0.0,0.0,0.0,0.0,0.0,0.0,0.0,0.0,0.0063,0.0,0.0,0.0,0.0,3,6,4,6,Australia,AS13335,0.3457,0.0,0.00182,normal,0
bc1qc0myt6rxlcq60f9gkd58cseydau7s47wcksz2v,1,0,1,1.0,0,1,0.0,5.96262,-5.96262,0.0,0.0,0.0,0.0,0.0,0.0,0.0,0.0,0.0,0.0,0.0,0.0,0.0,0.0,0.0,10.0,0.0,0.0,0.0,0.0,0.0,1,2,2,2,China,AS12389,0.0,0.0,0.000642,peel_chain,1
bc1qc4e5atsdkdz4gml85m33rjx0je5ex7ne5nez49,5,2,3,1.5,4,3,12.29417266,14.19988647,-1.90571381,0.8658,7434.42,5529.32,2795.26,15883.76,2795.26,495.63,0.0,0.0,0.0,0.0,0.0,0.0,0.0017,0.0,0.0061,0.0081,0.0,0.0,0.0,0.0,7,10,7,9,United Kingdom,AS13285,0.4192,0.006198,0.004496,normal,0
bc1qc4yr5peptya2dxeutsg9a77fmewzc844vm3zvg,7,3,4,1.3333333333333333,3,8,3.88467584,10.44204106,-6.55736522,0.372,5558.68,6646.75,1363.63,9002.95,1363.63,555.87,0.0,0.0,0.0,0.0,0.0,0.0,0.0007,0.0,0.0144,0.0054,0.0,0.0,0.0,0.0,10,14,9,13,Australia,AS1221,0.6123,0.038079,0.001083,normal,0
bc1qc5xaay2j7ygtc0cwgw29restzaffl8vsjvc06m,6,5,1,0.2,7,3,21.40556307,4.61686688,16.78869619,0.2157,4880.76,1860.87,866.34,14680.48,866.34,406.73,0.0,0.0,0.0,0.0,0.0,0.0,0.0005,0.0,0.0074,0.0172,0.0,0.0,0.0,0.0,10,12,8,8,Singapore,AS12389,0.5638,0.016268,0.005716,normal,0
bc1qc8mzdc6yhlnw6tc7cu65mu8lw4wfrmu4gjuhcs,2,1,1,1.0,1,1,2.82557258,5.91750982,-3.09193724,0.4775,16215.3,16215.3,16215.3,16215.3,0.0,270.25,0.0,0.0,0.0,0.0,0.0,0.0,0.0018,0.0,0.0037,0.0037,0.0,0.0,0.0,0.0,2,4,3,3,Russia,AS13285,0.2181,0.002669,0.001011,normal,0
bc1qc9ywvq8ql036wzhd4885tmc7k02dx5mmw5cp22,11,8,3,0.375,10,5,49.33895475,10.16267361,39.17628114,0.206,3010.14,1488.98,57.18,11229.25,57.18,501.69,0.0,0.0,0.0334,0.0334,0.0,0.0,0.0004,0.0,0.01,0.0199,0.0,0.0,0.0,0.0,15,22,10,15,Australia,AS1221,0.6356,0.014775,0.006125,normal,0
bc1qca53dhfkjdvr8uk053v7twcllkmezgmer9qt0x,2,1,1,1.0,1,1,9.01694635,9.01694635,0.0,1.0,4.85,4.85,4.85,4.85,4.85,0.08,1.0,1.0,1.0,1.0,0.0,0.0,7.6923,1.7094,5.5556,5.5556,1.0,0.0,1.0,1.0,2,4,2,2,China,AS29465,0.0,6e-06,0.001188,rapid_cashout,1
bc1qcd94h3my4dtzkpweesw5ff2gaxq5e6c7h0f5fd,1,1,0,0.0,1,0,2.26092854,0.0,2.26092854,0.0,0.0,0.0,0.0,0.0,0.0,0.0,0.0,0.0,0.0,0.0,0.0,0.0,0.0,0.0,0.0,10.0,0.0,0.0,0.0,0.0,1,2,2,2,Brazil,AS25513,0.0,0.0,0.001069,normal,0
bc1qcdju74lv7czgz865rv2n023kwnr4j4qsz9gje3,2,1,1,1.0,1,1,1.04143375,1.04143375,0.0,1.0,72.53,72.53,72.53,72.53,72.53,1.21,0.0,0.0,0.0,1.0,0.0,0.0,0.7937,0.0,0.7634,0.7634,0.0,0.0,1.0,0.0,2,4,4,4,Germany,AS12389,0.2181,0.0,0.000679,mixer,1
bc1qceqs7l6yapqhtu7r435uxh07ffsjwyk4jzvchd,2,0,2,2.0,0,2,0.0,7.17096993,-7.17096993,0.0,9429.09,9429.09,9429.09,9429.09,0.0,157.15,0.0,0.0,0.0,0.0,0.0,0.0,0.0,0.0,0.0127,0.0,0.0,0.0,0.0,0.0,2,4,3,3,United Kingdom,AS2856,0.2181,0.0,0.000642,normal,0
bc1qch7rptfmvnrcm06j3a9c5jxz9ze6n00sd9ulkz,2,2,0,0.0,4,0,17.9623466,0.0,17.9623466,0.0,15621.31,15621.31,15621.31,15621.31,0.0,260.36,0.0,0.0,0.0,0.0,0.0,0.0,0.0,0.0,0.0,0.0154,0.0,0.0,0.0,0.0,4,4,2,3,Nigeria,AS29465,0.2181,0.0,0.00155,normal,0
bc1qcmm7t7vrfy97e7597kae8j9fkyh77vl7pna78j,2,1,1,1.0,1,1,6.11744469,6.11744469,0.0,1.0,7.36,7.36,7.36,7.36,7.36,0.12,1.0,1.0,1.0,1.0,0.0607,6.07,5.8824,1.1962,4.5455,4.5455,1.0,0.0,1.0,1.0,2,4,2,4,India,AS133982,0.0,1.7e-05,0.001188,peel_chain,1
bc1qcr9gkh9re3fwv9j9mkf05q4rm6a4jjntpg865n,1,1,0,0.0,1,0,0.76505628,0.0,0.76505628,0.0,0.0,0.0,0.0,0.0,0.0,0.0,0.0,0.0,0.0,0.0,0.0,0.0,0.0,0.0,0.0,10.0,0.0,0.0,0.0,0.0,1,2,2,2,Nigeria,AS16509,0.0,0.0,0.000785,normal,0
bc1qcx5zv5s92lap7fevvkxpveym8vyylvhl0ppvd7,4,3,1,0.3333333333333333,3,3,5.0034633,14.15910158,-9.15563828,0.3534,10334.2,11571.94,5870.11,13560.56,5870.11,516.71,0.0,0.0,0.0,0.0,0.0,0.0,0.0007,0.0,0.0058,0.0058,0.0,0.0,0.0,0.0,6,8,5,6,Nigeria,AS16509,0.4362,0.00237,0.004048,normal,0
bc1qd2jf4txheqx54su4706nrm0d8ky3us4smrx4k4,1,1,0,0.0,1,0,6.14809465,0.0,6.14809465,0.0,0.0,0.0,0.0,0.0,0.0,0.0,0.0,0.0,0.0,0.0,0.0,0.0,0.0,0.0,0.0,10.0,0.0,0.0,0.0,0.0,1,2,1,2,China,AS4837,0.0,0.0,0.001513,normal,0
bc1qd35gzthp2mtfr8ewxa3j0u65c8mm7e0a7rusyy,2,1,1,1.0,1,1,3.50240408,3.50240408,0.0,1.0,9.73,9.73,9.73,9.73,9.73,0.16,1.0,1.0,1.0,1.0,0.0,0.0,4.7619,0.932,3.8462,3.8462,1.0,0.0,1.0,1.0,2,4,3,3,United Kingdom,AS13335,0.0,6e-06,0.001188,rapid_cashout,1
bc1qd6rtj4gqum50rqktzyacglkvr70knu3a4x0jsh,1,0,1,1.0,0,3,0.0,4.43521232,-4.43521232,0.0,0.0,0.0,0.0,0.0,0.0,0.0,0.0,0.0,0.0,0.0,0.0,0.0,0.0,0.0,30.0,0.0,0.0,0.0,0.0,0.0,3,2,1,2,Russia,AS12389,0.0,0.0,0.000642,normal,0
bc1qd77wncqgay9ha39xwaeq3u0m29h4lfzayjerul,3,1,2,2.0,1,2,0.52899243,6.27412521,-5.74513278,0.0843,18754.73,18754.73,0.74,37508.72,0.74,625.16,1.0,1.0,1.0,1.0,0.0,0.0,0.0001,5.7471,0.0032,0.0016,0.0,0.0,0.0,1.0,3,6,5,6,China,AS12714,0.2003,0.003267,0.000792,normal,0
bc1qd98xty2qkkxj28zfxx3k7e4j54d6xp0pgrwnj8,2,1,1,1.0,1,1,0.39521831,0.39521831,0.0,1.0,30.98,30.98,30.98,30.98,30.98,0.52,0.0,0.0,1.0,1.0,0.0,0.0,1.7544,0.0,1.6129,1.6129,0.0,0.0,1.0,0.0,2,4,3,4,United States,AS3320,0.0,0.0,0.000655,mixer,1
bc1qdj276drqahn8zml7kgpens9hn7reyke9smfzkm,1,0,1,1.0,0,3,0.0,2.17604153,-2.17604153,0.0,0.0,0.0,0.0,0.0,0.0,0.0,0.0,0.0,0.0,0.0,0.0,0.0,0.0,0.0,30.0,0.0,0.0,0.0,0.0,0.0,3,2,2,2,Nigeria,AS17547,0.0,0.0,0.000642,normal,0
bc1qdvpayjlleuldukmh2t6unyv5unnwte5cuz3vhu,2,1,1,1.0,1,1,5.65689083,5.65689083,0.0,1.0,9.86,9.86,9.86,9.86,9.86,0.16,1.0,1.0,1.0,1.0,0.0232,2.32,4.7619,0.9208,3.8462,3.8462,1.0,0.0,1.0,1.0,2,4,3,4,Russia,AS12389,0.2181,9e-06,0.001188,peel_chain,1
bc1qdyd4tmlfu4gzd9tjtkl730t53ajhph4u9eseac,5,3,2,0.6666666666666666,3,4,5.99844724,19.90838502,-13.90993778,0.3013,9007.63,8701.22,24.28,18603.78,24.28,600.51,0.0,0.7561,0.7561,0.7561,0.0,0.0,0.0005,0.2991,0.0067,0.005,0.0,0.0,0.0,0.0,7,10,7,8,Brazil,AS12389,0.4192,0.012511,0.001274,normal,0
bc1qegz4p7yfvk3edwgvaewcdxgxzzwyyhslfq8c5e,2,2,0,0.0,2,0,5.64424672,0.0,5.64424672,0.0,19466.6,19466.6,19466.6,19466.6,0.0,324.44,0.0,0.0,0.0,0.0,0.0,0.0,0.0,0.0,0.0,0.0062,0.0,0.0,0.0,0.0,2,4,3,4,Brazil,AS18881,0.2181,0.0,0.001232,normal,0
bc1qeqmv6aqrs7c8w4ms4q5725mlh480het7704krv,2,1,1,1.0,1,1,2.98490955,2.98490955,0.0,1.0,96.19,96.19,96.19,96.19,96.19,1.6,0.0,0.0,0.0,1.0,0.0,0.0,0.6061,0.0,0.5882,0.5882,0.0,0.0,0.0,0.0,2,4,4,4,Brazil,AS28573,0.2181,0.0,0.000725,mixer,1
bc1qetwd09gm3ew4ezvgmnlz6kqu72afmd5ayrt36w,3,3,0,0.0,4,0,22.0374273,0.0,22.0374273,0.0,5114.11,5114.11,2823.01,7405.22,0.0,170.47,0.0,0.0,0.0,0.0,0.0,0.0,0.0,0.0,0.0,0.0235,0.0,0.0,0.0,0.0,4,6,6,6,Australia,AS1221,0.3457,0.0,0.003852,normal,0
bc1qeupad27zmn7vyucalvcjg4dtajmqf3twxtnd4n,1,0,1,1.0,0,1,0.0,0.8250521,-0.8250521,0.0,0.0,0.0,0.0,0.0,0.0,0.0,0.0,0.0,0.0,0.0,0.0,0.0,0.0,0.0,10.0,0.0,0.0,0.0,0.0,0.0,1,2,2,2,China,AS4657,0.0,0.0,0.000642,normal,0
bc1qexv9ldeu0guwqj770twd8yuy44tkw2wusr66pt,3,2,1,0.5,2,1,5.73281626,4.96391613,0.76890013,0.8659,4184.41,4184.41,1473.22,6895.61,1473.22,139.48,0.0,0.0,0.0,0.0,0.0,0.0,0.0062,0.0,0.0072,0.0143,0.0,0.0,0.0,0.0,3,6,5,5,Brazil,AS1221,0.3457,0.000664,0.001968,normal,0
bc1qey8nfmc9f0qdrv686w6e2cm9n7kzudjpj5rm0m,1,1,0,0.0,1,0,1.04901546,0.0,1.04901546,0.0,0.0,0.0,0.0,0.0,0.0,0.0,0.0,0.0,0.0,0.0,0.0,0.0,0.0,0.0,0.0,10.0,0.0,0.0,0.0,0.0,1,2,2,2,Australia,AS13335,0.0,0.0,0.000789,normal,0
bc1qfeh9jy7mn2pfznhrdrkv5kzpc6ksy4yhvy6ayzet59e6jvys50ekhqjye5,2,1,1,1.0,1,1,11.47579383,11.47579383,0.0,1.0,1.66,1.66,1.66,1.66,1.66,0.03,1.0,1.0,1.0,1.0,0.0,0.0,12.5,3.7594,7.6923,7.6923,1.0,0.0,1.0,1.0,2,4,4,4,Brazil,AS133982,0.0,6e-06,0.001652,rapid_cashout,1
bc1qfg5ra2eh3qrxsuxt6397f3alhyhhg9v65l9l2a,5,3,2,0.6666666666666666,3,2,6.3077998,10.76981505,-4.46201525,0.5857,1365.36,1458.41,0.86,2543.75,0.86,91.02,0.6578,0.6578,0.6578,0.6578,0.0,0.0,0.0064,3.5366,0.0219,0.0329,0.0,0.0,0.0,0.0,5,10,7,10,United States,AS12714,0.4192,0.001578,0.002936,normal,0
bc1qfg5zpexx8aee8k70pt29nug27dygzy4ztl7ssh,1,1,0,0.0,1,0,2.35863143,0.0,2.35863143,0.0,0.0,0.0,0.0,0.0,0.0,0.0,0.0,0.0,0.0,0.0,0.0,0.0,0.0,0.0,0.0,10.0,0.0,0.0,0.0,0.0,1,2,2,2,China,AS133982,0.0,0.0,0.001685,normal,0
bc1qfgd70g3t9u3ap45l78l7jywqjusryt26gsm22q,4,2,2,1.0,2,2,4.95487863,18.79953504,-13.84465641,0.2636,3293.68,4911.49,0.29,4969.26,0.29,164.68,0.8795,0.8795,0.8795,0.8795,0.0,0.0,0.0016,6.8178,0.0121,0.0121,0.0,0.0,0.0,1.0,4,8,7,8,India,AS12714,0.3272,2.3e-05,0.00155,normal,0
bc1qfgq8tjye8hf5wp4q3ms766j76k7yk3tpqvzmes,2,1,1,1.0,2,1,18.9076696,6.01712583,12.89054377,0.3182,52.28,52.28,52.28,52.28,52.28,0.87,0.0,0.0,0.3182,0.3182,0.0,0.0,0.3459,0.0,1.0309,2.0619,0.0,0.0,0.0,0.0,3,4,3,3,Germany,AS13335,0.2181,0.001772,0.001734,normal,0
bc1qfju35h3pfx7p6mhs9tkar7ukzxx5qaxkaq866l,10,10,0,0.0,10,0,9.99115427,0.0,9.99115427,0.0,5.24,1.86,0.11,21.43,0.0,0.79,0.0,0.0,0.0,0.0,0.0,0.0,0.0,0.0,0.0,11.236,0.0,1.0,0.0,0.0,10,20,8,14,Russia,AS12389,0.1575,0.0,0.006565,mixer,1
bc1qfu37mmwaxzg3qwnvu8p0xrld69zhax9y2n30ww,2,0,2,2.0,0,2,0.0,5.8971396,-5.8971396,0.0,28046.48,28046.48,28046.48,28046.48,0.0,467.44,0.0,0.0,0.0,0.0,0.0,0.0,0.0,0.0,0.0043,0.0,0.0,0.0,0.0,0.0,2,4,4,4,China,AS16509,0.2181,0.0,0.000642,normal,0
bc1qg8a3gqp5xte6te9dkjc6c78lh0x20yv09zmq32,5,1,4,4.0,1,5,0.13601898,14.31001777,-14.17399879,0.0095,10159.71,5949.16,5754.15,22986.35,5754.15,677.31,0.0,0.0,0.0,0.0,0.0,0.0,0.0,0.0,0.0074,0.0015,0.0,0.0,0.0,0.0,6,10,8,10,Germany,AS18881,0.299,0.003148,0.000681,normal,0
bc1qgc7g0qnre5tarvxjhy87v2ly3thrlmnklhycax,7,3,4,1.3333333333333333,3,4,3.71148962,10.75804425,-7.04655463,0.345,4867.15,3873.55,1.9,12212.71,1.9,486.71,0.1451,0.1451,0.3683,0.3683,0.0,0.0,0.0007,0.5003,0.0082,0.0062,0.0,0.0,0.0,0.0,7,14,8,11,Australia,AS1221,0.4877,0.007127,0.003104,normal,0
bc1qgdm2hctv4wg68hp3cf37xq7s0ukx35dem2lyy0,1,1,0,0.0,1,0,10.07482294,0.0,10.07482294,0.0,0.0,0.0,0.0,0.0,0.0,0.0,0.0,0.0,0.0,0.0,0.0,0.0,0.0,0.0,0.0,10.0,0.0,0.0,0.0,0.0,1,2,2,2,Brazil,AS28573,0.0,0.0,0.002383,rapid_cashout,1
bc1qgf9488yqef0lduxgqeg35phepu2fz7u4uv668j,2,1,1,1.0,1,1,3.75983504,3.75983504,0.0,1.0,17.76,17.76,17.76,17.76,17.76,0.3,0.0,1.0,1.0,1.0,0.0251,2.51,2.8571,0.533,2.5,2.5,1.0,0.0,1.0,0.0,2,4,3,4,Australia,AS13335,0.0,3.4e-05,0.002047,peel_chain,1
bc1qgngsmhwynwsnylhzqqmfvgsnr0dsl2hyu9rf9p,1,0,1,1.0,0,1,0.0,5.82780422,-5.82780422,0.0,0.0,0.0,0.0,0.0,0.0,0.0,0.0,0.0,0.0,0.0,0.0,0.0,0.0,0.0,10.0,0.0,0.0,0.0,0.0,0.0,1,2,2,2,India,AS25513,0.0,0.0,0.000642,normal,0
bc1qgqcjtw6jtvutl74cwxu8uy3fhr3hxz86cu5fan,4,2,2,1.0,1,1,1.25935352,1.49712445,-0.23777093,0.8412,6.42,1.86,0.0,17.39,0.0,0.32,1.0,1.0,1.0,1.0,0.0,0.0,2.2735,10.0,2.381,2.381,0.0,0.0,0.0,1.0,2,6,5,5,United Kingdom,AS13285,0.0,0.003148,0.001261,normal,0
bc1qgrs9wmpnd47z08vh59vf8mj0ke7r9ylnq0edku,2,1,1,1.0,1,1,0.05501976,0.05501976,0.0,1.0,79.53,79.53,79.53,79.53,79.53,1.33,0.0,0.0,0.0,1.0,0.0,0.0,0.7246,0.0,0.6993,0.6993,0.0,0.0,1.0,0.0,2,4,2,3,China,AS12389,0.2181,3e-06,0.000644,mixer,1
bc1qgwcj42020tggnu3sx8d380kwqfv84t3tl3twf8,2,1,1,1.0,1,1,1.98963117,0.06970762,1.91992355,0.035,42958.66,42958.66,42958.66,42958.66,0.0,715.98,0.0,0.0,0.0,0.0,0.0,0.0,0.0,0.0,0.0014,0.0014,0.0,0.0,0.0,0.0,2,4,4,4,China,AS2856,0.2181,0.006025,0.000976,normal,0
bc1qhdnlu4zz4k8r8x33glg5jw6k428s2jyqeuwzym,2,0,2,2.0,0,4,0.0,9.31992249,-9.31992249,0.0,8271.75,8271.75,8271.75,8271.75,0.0,137.86,0.0,0.0,0.0,0.0,0.0,0.0,0.0,0.0,0.029,0.0,0.0,0.0,0.0,0.0,4,4,3,4,United States,AS13335,0.2181,0.0,0.000642,normal,0
bc1qhfzt63tuh325djtlcy4u4d7zgya5w34u2aly25,14,0,14,14.0,0,14,0.0,15.40628999,-15.40628999,0.0,0.35,0.3,0.05,0.75,0.0,0.07,0.0,0.0,0.0,0.0,0.0,0.0,0.0,0.0,82.3529,0.0,0.0,1.0,0.0,0.0,14,28,9,18,China,AS12389,0.0,0.0,0.000642,mixer,1
bc1qhredcuqxrpnkphv8xmpsf6h2n42fy48fp7ua5d,2,1,1,1.0,1,1,4.21489008,4.21489008,0.0,1.0,12.98,12.98,12.98,12.98,12.98,0.22,0.0,1.0,1.0,1.0,0.0493,4.93,3.7037,0.7153,3.125,3.125,1.0,0.0,1.0,1.0,2,4,4,4,China,AS2856,0.0,1.7e-05,0.002047,peel_chain,1
bc1qhwc9ctd48lpycvlatyt3hu02qlch49k5fwv7d4,1,1,0,0.0,1,0,1.82078417,0.0,1.82078417,0.0,0.0,0.0,0.0,0.0,0.0,0.0,0.0,0.0,0.0,0.0,0.0,0.0,0.0,0.0,0.0,10.0,0.0,0.0,0.0,0.0,1,2,2,2,Australia,AS1221,0.0,0.0,0.000905,normal,0
bc1qj3xj5dq763aac3mjac30wvn3dmg6jrtp24wl2u,2,1,1,1.0,1,1,1.86656833,1.37156117,0.49500716,0.7348,18071.27,18071.27,18071.27,18071.27,0.0,301.19,0.0,0.0,0.0,0.0,0.0,0.0,0.0024,0.0,0.0033,0.0033,0.0,0.0,0.0,0.0,2,4,3,4,Germany,AS24940,0.2181,3.7e-05,0.000719,normal,0
bc1qj6tm2ftsnnpz9xzuyf7ur2wsgewslze06h6hx8,3,2,1,0.5,2,1,14.81081535,3.65678375,11.1540316,0.2469,15965.27,15965.27,298.73,31631.81,298.73,532.18,0.0,0.0,0.0,0.0,0.0,0.0,0.0005,0.0,0.0019,0.0038,0.0,0.0,0.0,0.0,3,6,4,4,India,AS3320,0.2003,0.0,0.001704,normal,0
bc1qjhh8mh38xwsx42s2u95ean2hz732nz20vyl9xp,1,0,1,1.0,0,1,0.0,0.19025414,-0.19025414,0.0,0.0,0.0,0.0,0.0,0.0,0.0,0.0,0.0,0.0,0.0,0.0,0.0,0.0,0.0,10.0,0.0,0.0,0.0,0.0,0.0,1,2,2,2,China,AS4837,0.0,0.0,0.000642,normal,0
bc1qjnkjha7560ujl7ksurcvyqhz24kkgvfg2kxh9a,3,1,2,2.0,1,3,1.16782475,3.2598938,-2.09206905,0.3582,675.76,675.76,25.72,1325.79,25.72,22.53,0.0,1.0,1.0,1.0,0.0,0.0,0.0159,0.3743,0.1326,0.0442,0.0,0.0,0.0,0.0,4,6,5,5,Germany,AS13285,0.2003,0.052849,0.001035,normal,0
bc1qjpp0tj7zhsmcgssn854443jnu3qwuj2tlf9knf,2,1,1,1.0,1,1,5.18311365,5.18311365,0.0,1.0,6.8,6.8,6.8,6.8,6.8,0.11,1.0,1.0,1.0,1.0,0.0311,3.11,6.25,1.2821,4.7619,4.7619,1.0,0.0,1.0,1.0,2,4,4,4,Australia,AS13335,0.0,1.1e-05,0.001652,peel_chain,1
bc1qjq2ngd8njg36y328e6xn7zhlg0rm8w998r8fjn,2,1,1,1.0,1,1,0.42157719,0.42157719,0.0,1.0,67.49,67.49,67.49,67.49,67.49,1.12,0.0,0.0,0.0,1.0,0.0,0.0,0.8547,0.0,0.8197,0.8197,0.0,0.0,1.0,0.0,2,4,4,4,Brazil,AS25513,0.2181,0.0,0.000657,mixer,1
bc1qjx49snmclqme5mm5jyrwgmdkzm4wdx6cv9a4u0,1,0,1,1.0,0,1,0.0,14.209075,-14.209075,0.0,0.0,0.0,0.0,0.0,0.0,0.0,0.0,0.0,0.0,0.0,0.0,0.0,0.0,0.0,10.0,0.0,0.0,0.0,0.0,0.0,1,2,2,2,Australia,AS13335,0.0,0.0,0.000642,rapid_cashout,1
bc1qk03wg7z5lvuad2rhrn0g8nt2ccdunwn8hap7ts,1,0,1,1.0,0,1,0.0,3.571597,-3.571597,0.0,0.0,0.0,0.0,0.0,0.0,0.0,0.0,0.0,0.0,0.0,0.0,0.0,0.0,0.0,10.0,0.0,0.0,0.0,0.0,0.0,1,2,2,2,Germany,AS4657,0.0,0.0,0.000642,rapid_cashout,1
bc1qk0cecay0xs30dpgyxfftzn44xkmzyzgw3z8dvf,2,1,1,1.0,1,1,3.21017527,2.56809178,0.64208349,0.8,1.58,1.58,1.58,1.58,1.58,0.03,0.8,0.8,0.8,0.8,0.0,0.0,10.0,3.1008,7.6923,7.6923,0.0,0.0,0.0,0.0,2,4,4,4,China,AS12714,0.0,0.000555,0.000987,normal,0
bc1qkwv495vna2ag74lu49ueut7qmckp22maate4jw,6,6,0,0.0,6,0,3.73302513,0.0,3.73302513,0.0,1.77,1.87,0.05,2.67,0.0,0.15,0.0,0.0,0.0,0.0,0.0,0.0,0.0,0.0,0.0,24.0,0.0,1.0,0.0,0.0,6,12,7,10,United Kingdom,AS1221,0.0,0.0,0.004106,mixer,1
bc1qlv0nsp4vkdvqtfw3xuhdw9huhd6nyfls2ajvq5g9wjax6f06fj0h8eyf55,1,1,0,0.0,1,0,7.12339551,0.0,7.12339551,0.0,0.0,0.0,0.0,0.0,0.0,0.0,0.0,0.0,0.0,0.0,0.0,0.0,0.0,0.0,0.0,10.0,0.0,0.0,0.0,0.0,1,2,2,2,Germany,AS12389,0.0,0.0,0.002047,peel_chain,1
bc1qlz6qn7hav6z8826n6g8yh5cxkm8u07cdh6rnhj,2,1,1,1.0,1,1,5.31770982,3.45765219,1.86005763,0.6502,1544.24,1544.24,1544.24,1544.24,0.0,25.74,0.0,0.0,0.0,0.0,0.0,0.0,0.0252,0.0,0.0387,0.0387,0.0,0.0,0.0,0.0,2,4,3,4,United Kingdom,AS13335,0.2181,0.0,0.0016,normal,0
bc1qm99qc6s75u0jsgzy8c2csg7qj7xydqx7ejlaes,4,2,2,1.0,2,2,2.47287569,2.21964804,0.25322765,0.8976,9158.22,45.13,42.0,27387.53,42.0,457.91,0.0,0.0,0.5549,0.5549,0.0,0.0,0.002,0.0,0.0044,0.0044,0.0,0.0,0.0,0.0,4,8,5,8,Russia,AS12389,0.3272,0.009648,0.002937,normal,0
bc1qmkflz6dywaat7vvun336yljq3g8rhcaaplvfcm,3,2,1,0.5,2,2,2.98686659,0.32702768,2.65983891,0.1095,17248.5,17248.5,8887.68,25609.33,8887.68,574.95,0.0,0.0,0.0,0.0,0.0,0.0,0.0002,0.0,0.0035,0.0035,0.0,0.0,0.0,0.0,4,6,6,6,Australia,AS12714,0.3457,0.002262,0.002104,normal,0
bc1qmlgdykkvwgsv30zkyrmvwzmzwwqekjnkpeam34q98ljv2xfraz8zlugzd7,1,1,0,0.0,1,0,5.7032775,0.0,5.7032775,0.0,0.0,0.0,0.0,0.0,0.0,0.0,0.0,0.0,0.0,0.0,0.0,0.0,0.0,0.0,0.0,10.0,0.0,0.0,0.0,0.0,1,2,2,2,Brazil,AS28573,0.0,0.0,0.000952,normal,0
bc1qmm2mrd69w76w9mddfd03zjuskjjjvl9pc5qzlt,2,1,1,1.0,1,1,3.95723028,3.95723028,0.0,1.0,3.64,3.64,3.64,3.64,3.64,0.06,1.0,1.0,1.0,1.0,0.0285,2.85,9.0909,2.1552,6.25,6.25,1.0,0.0,1.0,1.0,2,4,3,4,China,AS3216,0.0,6e-06,0.001188,rapid_cashout,1
bc1qmtz3zrlspmtpk9gk973utwp8qyxrhy5zs6pgjl,1,0,1,1.0,0,1,0.0,6.621002,-6.621002,0.0,0.0,0.0,0.0,0.0,0.0,0.0,0.0,0.0,0.0,0.0,0.0,0.0,0.0,0.0,10.0,0.0,0.0,0.0,0.0,0.0,1,2,2,2,Germany,AS3209,0.0,0.0,0.000642,rapid_cashout,1
bc1qmy3guzzqsqjvja33l0ct8chfwsvs4men9sw974,2,1,1,1.0,1,1,2.0240949,2.0240949,0.0,1.0,15.56,15.56,15.56,15.56,15.56,0.26,0.0,1.0,1.0,1.0,0.0667,6.67,3.2258,0.6039,2.7778,2.7778,1.0,0.0,1.0,0.0,2,4,2,3,Singapore,AS17547,0.2181,2.3e-05,0.001652,peel_chain,1
bc1qn7gkxw8tltu5pg776zx5lp2lex63j68cengll3,1,0,1,1.0,0,1,0.0,5.411914,-5.411914,0.0,0.0,0.0,0.0,0.0,0.0,0.0,0.0,0.0,0.0,0.0,0.0,0.0,0.0,0.0,10.0,0.0,0.0,0.0,0.0,0.0,1,2,1,1,United Kingdom,AS2856,0.0,0.0,0.000642,peel_chain,1
bc1qndrjpytlf0eyjpuux60rtmdjjue0hncswwwm2e4d8v37uh5mkjek3r3xnj,2,1,1,1.0,1,1,5.52551732,5.52551732,0.0,1.0,24.07,24.07,24.07,24.07,24.07,0.4,0.0,1.0,1.0,1.0,0.0567,5.67,2.2222,0.3989,2.0,2.0,1.0,0.0,1.0,0.0,2,4,3,4,Russia,AS2856,0.0,1.1e-05,0.001652,peel_chain,1
bc1qnmlsw5xpryma09aptxgnuwrp39qsz8wjdhu8r88dxuzjpdxn9twxtg2pjg,1,0,1,1.0,0,1,0.0,7.899526,-7.899526,0.0,0.0,0.0,0.0,0.0,0.0,0.0,0.0,0.0,0.0,0.0,0.0,0.0,0.0,0.0,10.0,0.0,0.0,0.0,0.0,0.0,1,2,2,2,India,AS45820,0.0,0.0,0.000642,peel_chain,1
bc1qnppw8jana9sr7qrlax4suwkr8u9wzwztvrlk8q,1,1,0,0.0,2,0,21.55038282,0.0,21.55038282,0.0,0.0,0.0,0.0,0.0,0.0,0.0,0.0,0.0,0.0,0.0,0.0,0.0,0.0,0.0,0.0,20.0,0.0,0.0,0.0,0.0,2,2,2,2,Germany,AS29465,0.0,0.0,0.001656,normal,0
bc1qp3w7eeeaqw99efup6haguwcra5k2grenmapt33,2,1,1,1.0,1,1,0.042603,0.042603,0.0,1.0,96.85,96.85,96.85,96.85,96.85,1.61,0.0,0.0,0.0,1.0,0.0,0.0,0.6024,0.0,0.5848,0.5848,0.0,0.0,0.0,0.0,2,4,4,4,Brazil,AS28573,0.2181,3e-06,0.000644,mixer,1
bc1qp78vvjad99t8vjzz6ex46eefg5yqd9hgxe4388xt7hvugpdee983vny2qg,1,1,0,0.0,1,0,3.71080107,0.0,3.71080107,0.0,0.0,0.0,0.0,0.0,0.0,0.0,0.0,0.0,0.0,0.0,0.0,0.0,0.0,0.0,0.0,10.0,0.0,0.0,0.0,0.0,1,2,2,2,Brazil,AS27699,0.0,0.0,0.002047,rapid_cashout,1
bc1qpl7y93exsdw9xdnfj7xm07tv0dndy70cdzaf339vff302kxaqmhtvdvhvf,6,0,6,6.0,0,6,0.0,19.775397,-19.775397,0.0,1.16,1.0,0.08,2.44,0.0,0.1,0.0,0.0,0.0,0.0,0.0,0.0,0.0,0.0,30.0,0.0,0.0,1.0,0.0,0.0,6,12,6,8,Brazil,AS1221,0.0,0.0,0.000642,mixer,1
bc1qpl8met6m9jekaqk7jjxlu0f0z88sqaxykam2qj,1,0,1,1.0,0,1,0.0,6.622139,-6.622139,0.0,0.0,0.0,0.0,0.0,0.0,0.0,0.0,0.0,0.0,0.0,0.0,0.0,0.0,0.0,10.0,0.0,0.0,0.0,0.0,0.0,1,2,1,2,India,AS133982,0.0,0.0,0.000642,peel_chain,1
bc1qpq86n80r7wgtn7kc9fjajav7xj68kf4eejp34z5qd0dtuwy9s5nacw6j28,3,1,2,2.0,1,3,1.94607116,12.83489648,-10.88882532,0.1516,12946.67,12946.67,1770.94,24122.39,1770.94,431.56,0.0,0.0,0.0,0.0,0.0,0.0,0.0004,0.0,0.0069,0.0023,0.0,0.0,0.0,0.0,4,6,5,5,China,AS28573,0.2003,0.000125,0.00175,normal,0
bc1qpwcafq8lagrhq3mxa78mm8nvr0zqc5wrrghdv4,4,2,2,1.0,2,2,11.62388671,5.8262123,5.79767441,0.5012,13472.93,5808.54,4507.8,30102.46,0.0,673.65,0.0,0.0,0.0,0.0,0.0,0.0,0.0007,0.0,0.003,0.003,0.0,0.0,0.0,0.0,4,8,4,7,United Kingdom,AS13285,0.4362,0.001453,0.001469,normal,0
bc1qq269hreqdp2ghjqlvuxhyyypl8ly4pv5r4npzc,1,1,0,0.0,1,0,2.48670768,0.0,2.48670768,0.0,0.0,0.0,0.0,0.0,0.0,0.0,0.0,0.0,0.0,0.0,0.0,0.0,0.0,0.0,0.0,10.0,0.0,0.0,0.0,0.0,1,2,2,2,China,AS4837,0.0,0.0,0.002047,rapid_cashout,1
bc1qq28t5syxgh4cq3958lpah30j3920twldf2m7xp,4,3,1,0.3333333333333333,3,3,6.52125453,1.71874394,4.80251059,0.2636,11929.42,3200.01,442.88,32145.36,0.0,596.47,0.0,0.0,0.0,0.0,0.0,0.0,0.0004,0.0,0.005,0.005,0.0,0.0,0.0,0.0,6,8,5,7,Germany,AS25513,0.4362,0.014485,0.002011,normal,0
bc1qqenxc87axtx68hrajeqc3sma3c3kjlwy9jm0pj,4,2,2,1.0,2,4,3.12085836,12.38424165,-9.26338329,0.252,7718.51,7738.38,1.25,15415.9,1.25,385.93,0.2664,0.2664,0.2664,0.2664,0.0,0.0,0.0007,1.184,0.0104,0.0052,0.0,0.0,0.0,0.0,6,8,5,6,Australia,AS13335,0.3272,0.001589,0.001204,normal,0
bc1qqf9hu9fqpzkfh27vr32f7av6jv99w8c8ye4f98,2,1,1,1.0,1,1,5.52347054,5.52347054,0.0,1.0,4.76,4.76,4.76,4.76,4.76,0.08,1.0,1.0,1.0,1.0,0.0289,2.89,7.6923,1.7361,5.5556,5.5556,1.0,0.0,1.0,1.0,2,4,4,4,Brazil,AS18881,0.0,3e-06,0.001188,rapid_cashout,1
bc1qqjnwkjarwtjpv6s00kneccyndgkg8yj4wad02llmehjc2nuc20ef45pwze,5,2,3,1.5,2,5,0.86328428,15.81898892,-14.95570464,0.0546,2465.42,2175.34,9.09,5501.92,9.09,164.36,0.9473,1.0,1.0,1.0,0.0,0.0,0.0003,0.9911,0.0304,0.0122,0.0,0.0,0.0,1.0,7,10,8,10,Brazil,AS13285,0.2118,0.004344,0.000798,normal,0
bc1qqkr6h26r9scapsvexp03wjf70urzgrrv3er0cz,2,2,0,0.0,2,0,3.68239708,0.0,3.68239708,0.0,12374.87,12374.87,12374.87,12374.87,0.0,206.25,0.0,0.0,0.0,0.0,0.0,0.0,0.0,0.0,0.0,0.0097,0.0,0.0,0.0,0.0,2,4,4,4,Australia,AS3320,0.2181,0.0,0.001054,normal,0
bc1qqlh7ztw494t4t282fcpcak4wksslju5uylrahw,6,4,2,0.5,4,3,12.49012062,5.68743743,6.80268319,0.4554,5494.92,2783.65,6.91,18487.2,6.91,457.91,0.1191,0.1191,0.1191,0.1191,0.0,0.0,0.001,0.1506,0.0066,0.0087,0.0,0.0,0.0,0.0,6,12,6,9,India,AS133982,0.4911,0.015382,0.004435,normal,0
bc1qqpa5seyhvfh9ep326203q3tv9l8aa9v6dkpyla,1,1,0,0.0,1,0,0.21701544,0.0,0.21701544,0.0,0.0,0.0,0.0,0.0,0.0,0.0,0.0,0.0,0.0,0.0,0.0,0.0,0.0,0.0,0.0,10.0,0.0,0.0,0.0,0.0,1,2,2,2,Australia,AS13335,0.0,0.0,0.000661,normal,0
bc1qqwgaccjkwa0yl25a4lq3qd2lrpykqlq93f2uyw,1,1,0,0.0,1,0,6.36852503,0.0,6.36852503,0.0,0.0,0.0,0.0,0.0,0.0,0.0,0.0,0.0,0.0,0.0,0.0,0.0,0.0,0.0,0.0,10.0,0.0,0.0,0.0,0.0,1,2,2,2,India,AS25513,0.0,0.0,0.001652,rapid_cashout,1
bc1qr8yjwpmjaefqf5xj4d8j8v4s70xnjmqqefv40p,2,1,1,1.0,1,1,6.58495381,1.44723688,5.13771693,0.2198,6683.76,6683.76,6683.76,6683.76,6683.76,111.4,0.0,0.0,0.0,0.0,0.0,0.0,0.002,0.0,0.009,0.009,0.0,0.0,0.0,0.0,2,4,3,3,Brazil,AS1221,0.2181,0.0,0.002964,normal,0
bc1qrc53q0hfv6ctks5dryg6cr9d2aexr5zu08gfwe,2,1,1,1.0,1,1,0.61066402,0.61066402,0.0,1.0,73.42,73.42,73.42,73.42,73.42,1.22,0.0,0.0,0.0,1.0,0.0,0.0,0.7874,0.0,0.7576,0.7576,0.0,0.0,1.0,0.0,2,4,3,4,Russia,AS12389,0.2181,0.0,0.000673,mixer,1
bc1qrj652fm3mr7fl37vr8qrx6utmt5na8xrreezhm,1,1,0,0.0,3,0,3.02524221,0.0,3.02524221,0.0,0.0,0.0,0.0,0.0,0.0,0.0,0.0,0.0,0.0,0.0,0.0,0.0,0.0,0.0,0.0,30.0,0.0,0.0,0.0,0.0,3,2,2,2,Germany,AS29465,0.0,0.0,0.00099,normal,0
bc1qrmytejqgydrzwtjw8nha4f5qlmdrkwu2yynjkv,2,1,1,1.0,1,1,5.10953922,5.10953922,0.0,1.0,15.31,15.31,15.31,15.31,15.31,0.26,0.0,1.0,1.0,1.0,0.0388,3.88,3.2258,0.6131,2.7778,2.7778,1.0,0.0,1.0,0.0,2,4,2,3,Nigeria,AS2856,0.0,1.4e-05,0.001188,peel_chain,1
bc1qrp9nr2ca42rrtzr7rvyctu5jv9jrgpry8dev6v,4,2,2,1.0,2,2,8.63370945,4.41957707,4.21413238,0.5119,6920.59,18.64,1.47,20741.66,1.47,346.03,0.2387,0.4551,0.4551,0.4551,0.0,0.0,0.0015,1.8425,0.0058,0.0058,0.0,0.0,0.0,0.0,4,8,6,8,China,AS1221,0.3272,0.001327,0.002299,normal,0
bc1qrs0ksnra2r5q3g7t3mhcqd6pawd8kg78pewxzy,1,0,1,1.0,0,1,0.0,2.27107445,-2.27107445,0.0,0.0,0.0,0.0,0.0,0.0,0.0,0.0,0.0,0.0,0.0,0.0,0.0,0.0,0.0,10.0,0.0,0.0,0.0,0.0,0.0,1,2,2,2,China,AS24940,0.0,0.0,0.000642,normal,0
bc1qrtnqpqr2kd9xutulamger7z2neg9ywymcu7dwrsj4l2h8gfz3m4hxzlpqx,2,1,1,1.0,1,1,0.33552252,0.33552252,0.0,1.0,14.23,14.23,14.23,14.23,14.23,0.24,0.0,1.0,1.0,1.0,0.0939,9.39,3.4483,0.6566,2.9412,2.9412,1.0,0.0,1.0,0.0,2,4,4,4,Australia,AS29465,0.0,0.0,0.000653,mixer,1
bc1qruujnlphtwdw6f0y9caazujt5vwsj7rf2jujmd,6,6,0,0.0,6,0,7.91088837,0.0,7.91088837,0.0,5.63,3.41,1.31,13.5,0.0,0.47,0.0,0.0,0.0,0.0,0.0,0.0,0.0,0.0,0.0,10.5263,0.0,1.0,0.0,0.0,6,12,7,10,United States,AS18881,0.0,0.0,0.004157,mixer,1
bc1qrvlcz6m8l56tteqe9qxdxh0tnfcseqfqlpm9xx,2,0,2,2.0,0,4,0.0,5.76131489,-5.76131489,0.0,15870.51,15870.51,15870.51,15870.51,0.0,264.51,0.0,0.0,0.0,0.0,0.0,0.0,0.0,0.0,0.0151,0.0,0.0,0.0,0.0,0.0,4,4,3,4,Germany,AS25513,0.0,0.0,0.000642,normal,0
bc1qrzt44prh7wegp3k9s2ruyhte83ejw4txdlt4ts,2,1,1,1.0,1,1,3.67327932,3.67327932,0.0,1.0,2.95,2.95,2.95,2.95,2.95,0.05,1.0,1.0,1.0,1.0,0.0258,2.58,10.0,2.5316,6.6667,6.6667,1.0,0.0,1.0,1.0,2,4,4,4,Germany,AS2856,0.0,3e-06,0.001188,rapid_cashout,1
bc1qs2ss976prdhv4p6n79uznnaumjm60rcutgck7ehz887v5cfxwfpfy7whg2,2,0,2,2.0,0,2,0.0,16.00239652,-16.00239652,0.0,13335.15,13335.15,13335.15,13335.15,0.0,222.25,0.0,0.0,0.0,0.0,0.0,0.0,0.0,0.0,0.009,0.0,0.0,0.0,0.0,0.0,2,4,3,3,United States,AS3209,0.2181,0.0,0.000642,normal,0
bc1qs9fsymuqx668wakg6s5rqtn9mjt9uhkfv9j7m5,2,1,1,1.0,1,1,5.39738511,5.39738511,0.0,1.0,16.71,16.71,16.71,16.71,16.71,0.28,0.0,1.0,1.0,1.0,0.0493,4.93,3.0303,0.5647,2.6316,2.6316,1.0,0.0,1.0,0.0,2,4,3,4,China,AS3320,0.0,3.4e-05,0.002047,peel_chain,1
bc1qsfcwwyjnjdccfhlv3v7rvxrfmcll3txugc5445,2,1,1,1.0,1,1,0.64372864,0.64372864,0.0,1.0,73.0,73.0,73.0,73.0,73.0,1.22,0.0,0.0,0.0,1.0,0.0,0.0,0.7874,0.0,0.7576,0.7576,0.0,0.0,1.0,0.0,2,4,3,4,Germany,AS18881,0.2181,0.0,0.000675,mixer,1
bc1qsju5wxgefy9k00gcgve8ffpdv3syfd74ttxw8u,3,0,3,3.0,0,4,0.0,7.01703331,-7.01703331,0.0,16256.94,16256.94,11382.03,21131.85,0.0,541.9,0.0,0.0,0.0,0.0,0.0,0.0,0.0,0.0,0.0074,0.0,0.0,0.0,0.0,0.0,4,6,5,6,China,AS1221,0.3457,0.0,0.000642,normal,0
bc1qsns9fhmtyj32ka5ff2ku3xuxgllnqrgnvpnv28,5,3,2,0.6666666666666666,5,2,17.8640824,5.96020177,11.90388063,0.3336,9533.3,8835.59,1.71,20460.3,1.71,635.55,0.2296,0.2296,0.2296,0.2296,0.0,0.0,0.0005,0.8472,0.0031,0.0079,0.0,0.0,0.0,0.0,7,10,7,10,Nigeria,AS1221,0.4192,0.005313,0.004228,normal,0
bc1qszl75h95cxclfgqsh92uy7432yax7f98zmf6jw,3,2,1,0.5,3,1,2.38902571,4.37440932,-1.98538361,0.5461,8103.32,8103.32,1926.45,14280.19,0.0,270.11,0.0,0.0,0.0,0.0,0.0,0.0,0.002,0.0,0.0037,0.0111,0.0,0.0,0.0,0.0,4,6,6,6,Brazil,AS12714,0.3457,0.000325,0.001824,normal,0
bc1qtswnttr78kjqkl4hujcn3850xuf0skgfvkeflt,6,4,2,0.5,6,3,32.77477135,0.98649084,31.78828051,0.0301,5547.51,4951.97,1080.89,10571.75,1080.89,462.29,0.0,0.0,0.0,0.0,0.0,0.0,0.0001,0.0,0.0065,0.013,0.0,0.0,0.0,0.0,9,12,6,9,China,AS13335,0.4911,0.012887,0.004401,normal,0
bc1qu53mm9tm9aa2fuxw8nlelsrn2a9w7qp4mlmzdg,2,1,1,1.0,1,1,1.00353025,1.00353025,0.0,1.0,49.07,49.07,49.07,49.07,49.07,0.82,0.0,0.0,1.0,1.0,0.0,0.0,1.1494,0.0,1.087,1.087,0.0,0.0,1.0,0.0,2,4,4,4,Australia,AS25513,0.2181,0.0,0.000693,mixer,1
bc1qudz3q6922upn2wzuuq4t24quhwsql5ajcyytge,2,1,1,1.0,1,1,0.68371815,0.5736728,0.11004535,0.839,1.46,1.46,1.46,1.46,1.46,0.02,0.839,0.839,0.839,0.839,0.0,0.0,11.9857,3.4106,8.3333,8.3333,0.0,0.0,1.0,0.0,2,4,3,4,United States,AS29465,0.0,0.002925,0.000728,normal,0
bc1quhtp57sg7m3zews8e9am8k9lgghhauyfx8c0ru,2,1,1,1.0,1,1,0.61294947,0.61294947,0.0,1.0,82.74,82.74,82.74,82.74,82.74,1.38,0.0,0.0,0.0,1.0,0.0,0.0,0.6993,0.0,0.6757,0.6757,0.0,0.0,1.0,0.0,2,4,4,4,Brazil,AS12714,0.2181,0.0,0.000673,mixer,1
bc1qumg53yf3s97y4hn6j6qp5j5cd505f70e4fzpw0,1,1,0,0.0,1,0,3.88391652,0.0,3.88391652,0.0,0.0,0.0,0.0,0.0,0.0,0.0,0.0,0.0,0.0,0.0,0.0,0.0,0.0,0.0,0.0,10.0,0.0,0.0,0.0,0.0,1,2,1,1,Brazil,AS28573,0.0,0.0,0.002912,peel_chain,1
bc1quzs9hq225vtghs8sgmcm8wlexu452lmtddqlmz,6,3,3,1.0,7,3,21.1173348,4.13255908,16.98477572,0.1957,7951.59,5006.53,2302.36,15969.69,2302.36,662.63,0.0,0.0,0.0,0.0,0.0,0.0,0.0003,0.0,0.0045,0.0106,0.0,0.0,0.0,0.0,10,12,8,11,Germany,AS133982,0.5638,0.006643,0.009108,normal,0
bc1qv35vjsx900zncy54q7k7303t6a74ukfrzc2x74,15,0,15,15.0,0,15,0.0,16.14147902,-16.14147902,0.0,0.54,0.35,0.04,1.66,0.0,0.13,0.0,0.0,0.0,0.0,0.0,0.0,0.0,0.0,65.2174,0.0,0.0,1.0,0.0,0.0,15,30,10,22,China,AS12389,0.0,0.0,0.000642,mixer,1
bc1qv46l0psjmmwswhd5y0l2k5mmmv2kcmpz5alhdr,3,2,1,0.5,2,3,4.53837807,1.62543212,2.91294595,0.3582,12435.39,12435.39,7338.68,17532.1,0.0,414.51,0.0,0.0,0.0,0.0,0.0,0.0,0.0009,0.0,0.0072,0.0048,0.0,0.0,0.0,0.0,5,6,5,6,India,AS12389,0.3457,0.008623,0.001038,normal,0
bc1qv7esg4fua4qapqe6sh29jd3vnvpad7vhv298ky,2,1,1,1.0,1,1,1.52239385,1.52239385,0.0,1.0,24.3,24.3,24.3,24.3,24.3,0.4,0.0,1.0,1.0,1.0,0.0265,2.65,2.2222,0.3953,2.0,2.0,1.0,0.0,1.0,0.0,2,4,4,4,Australia,AS13335,0.0,0.0,0.000691,mixer,1
bc1qv7pgt89gax2egu3rsfmdr79qv83zcq3h8v5szd,3,2,1,0.5,3,1,6.12754949,3.52217125,2.60537824,0.5748,6582.77,6582.77,2303.04,10862.49,0.0,219.43,0.0,0.0,0.0,0.0,0.0,0.0,0.0026,0.0,0.0046,0.0137,0.0,0.0,0.0,0.0,4,6,6,6,Brazil,AS13285,0.3457,0.000647,0.003296,normal,0
bc1qvgn3a66um0r6a5frppqv3sl78kej7cgpk25dkn,1,1,0,0.0,1,0,2.73492705,0.0,2.73492705,0.0,0.0,0.0,0.0,0.0,0.0,0.0,0.0,0.0,0.0,0.0,0.0,0.0,0.0,0.0,0.0,10.0,0.0,0.0,0.0,0.0,1,2,2,2,Australia,AS7018,0.0,0.0,0.003524,normal,0
bc1qvja4k5hchevs34m724wljgcnz4aprxeemc78653xh0wqdea242kf97gnvj,5,3,2,0.6666666666666666,4,2,11.61736832,6.32287197,5.29449635,0.5443,9084.73,9429.16,0.95,17479.64,0.95,605.65,0.3956,0.3956,0.3956,0.3956,0.0,0.0,0.0009,2.0287,0.0033,0.0066,0.0,0.0,0.0,0.0,6,10,6,9,Australia,AS1221,0.4192,0.000695,0.007482,normal,0
bc1qvxpc2059gyg3hf49v3jsg5pz5spqxa3zmmw8es,2,1,1,1.0,1,1,3.57139088,3.57139088,0.0,1.0,5.43,5.43,5.43,5.43,5.43,0.09,1.0,1.0,1.0,1.0,0.0306,3.06,7.1429,1.5552,5.2632,5.2632,1.0,0.0,1.0,1.0,2,4,4,4,Brazil,AS18881,0.0,3e-06,0.001188,rapid_cashout,1
bc1qvytlttz74z8h7de2psjt9fxjfjpvghx427aj2w,1,0,1,1.0,0,1,0.0,9.017373,-9.017373,0.0,0.0,0.0,0.0,0.0,0.0,0.0,0.0,0.0,0.0,0.0,0.0,0.0,0.0,0.0,10.0,0.0,0.0,0.0,0.0,0.0,1,2,1,1,China,AS4837,0.0,0.0,0.000642,rapid_cashout,1
bc1qwdcjq6s67f0z9n67sv2rscr6wlmmhxe48np4ej9uz7tt2fv53l444cevm2,6,3,3,1.0,3,4,25.04518731,8.28747161,16.7577157,0.3309,5593.58,2117.32,52.22,18139.51,52.22,466.13,0.0,0.0,0.1455,0.1455,0.0,0.0,0.0007,0.0,0.0086,0.0064,0.0,0.0,0.0,0.0,7,12,9,11,Brazil,AS12714,0.3909,0.003082,0.002897,normal,0
bc1qwr74u7jzftm8krgs5hlc60y4srevfu3e7w9gde,1,1,0,0.0,1,0,1.79546025,0.0,1.79546025,0.0,0.0,0.0,0.0,0.0,0.0,0.0,0.0,0.0,0.0,0.0,0.0,0.0,0.0,0.0,0.0,10.0,0.0,0.0,0.0,0.0,1,2,2,2,India,AS12714,0.0,0.0,0.000894,normal,0
bc1qwt39df445k7urz6zqarhn35se4mxc3rm7tewa5,2,1,1,1.0,1,1,3.33155637,3.33155637,0.0,1.0,38.27,38.27,38.27,38.27,38.27,0.64,0.0,0.0,1.0,1.0,0.0,0.0,1.4493,0.0,1.3514,1.3514,0.0,0.0,1.0,0.0,2,4,4,4,China,AS25513,0.0,0.0,0.00075,mixer,1
bc1qwt4kluxuzv97z9ryyx7qd4a0dhqxqe6s2j5e04,2,1,1,1.0,1,1,7.32480214,7.32480214,0.0,1.0,17.25,17.25,17.25,17.25,17.25,0.29,0.0,1.0,1.0,1.0,0.0275,2.75,2.9412,0.5479,2.5641,2.5641,1.0,0.0,1.0,0.0,2,4,3,4,Germany,AS12389,0.0,6e-06,0.001652,peel_chain,1
bc1qxgxgg6hjejg9caqp59uwk89smsuw34rnx3tppp,10,7,3,0.42857142857142855,8,4,28.00528449,15.7066629,12.29862159,0.5608,3205.18,2392.69,12.86,14437.9,12.86,480.78,0.0,0.184,0.184,0.184,0.0,0.0,0.0012,0.1328,0.0083,0.0166,0.0,0.0,0.0,0.0,12,20,9,14,China,AS133982,0.5772,0.063044,0.00621,normal,0
bc1qxkzdrsprqa498k2rhe3v4vjhkl85ykckule0ak,2,1,1,1.0,1,1,0.25843026,0.25843026,0.0,1.0,71.4,71.4,71.4,71.4,71.4,1.19,0.0,0.0,0.0,1.0,0.0,0.0,0.8065,0.0,0.7752,0.7752,0.0,0.0,1.0,0.0,2,4,3,4,India,AS16509,0.2181,0.0,0.000651,mixer,1
bc1qxrwq8px48x5e4urqvg69d3mm8ska5txrguuj3r,2,1,1,1.0,1,1,0.1608698,4.77886314,-4.61799334,0.0337,7943.61,7943.61,7943.61,7943.61,0.0,132.39,0.0,0.0,0.0,0.0,0.0,0.0,0.0003,0.0,0.0075,0.0075,0.0,0.0,0.0,0.0,2,4,3,3,Nigeria,AS12714,0.2181,0.00045,0.000688,normal,0
bc1qy452mzynejkvcfgsh705wcz9yzps7pkl3ehpal,2,1,1,1.0,1,1,0.36340751,0.36340751,0.0,1.0,61.82,61.82,61.82,61.82,61.82,1.03,0.0,0.0,0.0,1.0,0.0,0.0,0.9259,0.0,0.885,0.885,0.0,0.0,1.0,0.0,2,4,4,4,China,AS3209,0.2181,0.0,0.000654,mixer,1
bc1qy47lkn8ls8jkpesjdh9qezaz7q58dsmfnn0x0g,1,0,1,1.0,0,3,0.0,1.99069834,-1.99069834,0.0,0.0,0.0,0.0,0.0,0.0,0.0,0.0,0.0,0.0,0.0,0.0,0.0,0.0,0.0,30.0,0.0,0.0,0.0,0.0,0.0,3,2,2,2,Germany,AS24940,0.0,0.0,0.000642,normal,0
bc1qy6j7nl5ku87x8j09dldnawmh5prs03p7zw4dvj,1,1,0,0.0,1,0,4.96352794,0.0,4.96352794,0.0,0.0,0.0,0.0,0.0,0.0,0.0,0.0,0.0,0.0,0.0,0.0,0.0,0.0,0.0,0.0,10.0,0.0,0.0,0.0,0.0,1,2,2,2,Australia,AS1221,0.0,0.0,0.002316,normal,0
bc1qyaqs4k5cxtd5eeu9h2tdtkal8t6esgpszdcks7,1,0,1,1.0,0,1,0.0,1.67847666,-1.67847666,0.0,0.0,0.0,0.0,0.0,0.0,0.0,0.0,0.0,0.0,0.0,0.0,0.0,0.0,0.0,10.0,0.0,0.0,0.0,0.0,0.0,1,2,2,2,Australia,AS13335,0.0,0.0,0.000642,normal,0
bc1qycpzwdndxstr4jsf8lpx7ccfr0dy3834tvhdwz,2,1,1,1.0,1,1,4.91115235,4.91115235,0.0,1.0,11.81,11.81,11.81,11.81,11.81,0.2,0.0,1.0,1.0,1.0,0.0623,6.23,4.0,0.7806,3.3333,3.3333,1.0,0.0,1.0,1.0,2,4,3,4,Nigeria,AS28573,0.0,2.3e-05,0.001652,peel_chain,1
bc1qygjpte52t2e50whjpwuaac2u0m3hhhh2977h6d,4,0,4,4.0,0,6,0.0,14.56685722,-14.56685722,0.0,14050.09,12249.79,1441.82,28458.66,0.0,702.5,0.0,0.0,0.0,0.0,0.0,0.0,0.0,0.0,0.0085,0.0,0.0,0.0,0.0,0.0,6,8,7,8,Brazil,AS12714,0.3272,0.0,0.000642,normal,0
bc1qykhprmqwp8m9dadnd5awq7zsln7q5und9fl2rm,1,1,0,0.0,1,0,0.03228708,0.0,0.03228708,0.0,0.0,0.0,0.0,0.0,0.0,0.0,0.0,0.0,0.0,0.0,0.0,0.0,0.0,0.0,0.0,10.0,0.0,0.0,0.0,0.0,1,2,2,2,Australia,AS13335,0.0,0.0,0.000763,normal,0
bc1qymda8xzmr82ncdww36rhegrfw9e8pvcpmfzd4zhugsgdg4jzjadxysu4nn,2,1,1,1.0,1,2,5.11845453,3.06391588,2.05453865,0.5986,12451.04,12451.04,12451.04,12451.04,0.0,207.52,0.0,0.0,0.0,0.0,0.0,0.0,0.0029,0.0,0.0096,0.0048,0.0,0.0,0.0,0.0,3,4,4,4,Brazil,AS16509,0.2181,0.000444,0.001076,normal,0
bc1qyspefn6lxta5lzzneeg4kt2u2t7zjtj027mlt4jgyaqpcs4qw8hdm7z7ru,2,1,1,1.0,1,1,3.2993267,10.17730682,-6.87798012,0.3242,13308.24,13308.24,13308.24,13308.24,0.0,221.8,0.0,0.0,0.0,0.0,0.0,0.0,0.0015,0.0,0.0045,0.0045,0.0,0.0,0.0,0.0,2,4,3,4,United States,AS4657,0.2181,0.000664,0.00135,normal,0
bc1qz37cnphpg8wd8d9aqezl4dzmmjculcmma8lmzl474hqn0xwslrjrf4n0dm,1,1,0,0.0,1,0,3.38369303,0.0,3.38369303,0.0,0.0,0.0,0.0,0.0,0.0,0.0,0.0,0.0,0.0,0.0,0.0,0.0,0.0,0.0,0.0,10.0,0.0,0.0,0.0,0.0,1,2,1,1,Singapore,AS7473,0.0,0.0,0.002047,rapid_cashout,1
bc1qz83dnncvafjdjp7rc5gz839dk0pffmz8gejexr,5,3,2,0.6666666666666666,3,3,2.9087406,10.51141528,-7.60267468,0.2767,5041.08,4951.13,1.9,10260.17,1.9,336.07,0.1712,0.1712,0.1712,0.1712,0.0,0.0,0.0008,0.5903,0.0089,0.0089,0.0,0.0,0.0,0.0,6,10,7,9,Russia,AS12389,0.3319,0.0123,0.001112,normal,0
bc1qzjd78g2ekh2gzxcjy9wd37xfgr946kp62z8ts4,1,1,0,0.0,1,0,1.90344801,0.0,1.90344801,0.0,0.0,0.0,0.0,0.0,0.0,0.0,0.0,0.0,0.0,0.0,0.0,0.0,0.0,0.0,0.0,10.0,0.0,0.0,0.0,0.0,1,2,2,2,Singapore,AS4657,0.0,0.0,0.002669,peel_chain,1
